GameID,Date,AwayTeam,HomeTeam
717744,2023-06-16T18:20:00Z,Baltimore Orioles,Chicago Cubs
717749,2023-06-16T23:05:00Z,Miami Marlins,Washington Nationals
717743,2023-06-16T23:10:00Z,St. Louis Cardinals,New York Mets
717742,2023-06-16T23:10:00Z,New York Yankees,Boston Red Sox
717745,2023-06-16T23:20:00Z,Colorado Rockies,Atlanta Braves
717741,2023-06-17T00:05:00Z,Toronto Blue Jays,Texas Rangers
717737,2023-06-17T00:10:00Z,Cincinnati Reds,Houston Astros
717736,2023-06-17T00:10:00Z,Los Angeles Angels,Kansas City Royals
717738,2023-06-17T00:10:00Z,Detroit Tigers,Minnesota Twins
717740,2023-06-17T00:10:00Z,Pittsburgh Pirates,Milwaukee Brewers
717739,2023-06-17T01:40:00Z,Cleveland Guardians,Arizona Diamondbacks
717732,2023-06-17T01:40:00Z,Tampa Bay Rays,San Diego Padres
717735,2023-06-17T01:40:00Z,Philadelphia Phillies,Oakland Athletics
717731,2023-06-17T02:10:00Z,San Francisco Giants,Los Angeles Dodgers
717733,2023-06-17T02:10:00Z,Chicago White Sox,Seattle Mariners
717728,2023-06-17T18:10:00Z,Detroit Tigers,Minnesota Twins
717729,2023-06-17T18:20:00Z,Baltimore Orioles,Chicago Cubs
717723,2023-06-17T20:05:00Z,Toronto Blue Jays,Texas Rangers
717734,2023-06-17T20:05:00Z,Miami Marlins,Washington Nationals
717725,2023-06-17T20:07:00Z,Philadelphia Phillies,Oakland Athletics
717727,2023-06-17T20:10:00Z,Cincinnati Reds,Houston Astros
717726,2023-06-17T20:10:00Z,Los Angeles Angels,Kansas City Royals
717718,2023-06-17T20:10:00Z,St. Louis Cardinals,New York Mets
717724,2023-06-17T20:10:00Z,Colorado Rockies,Atlanta Braves
717722,2023-06-17T20:10:00Z,Chicago White Sox,Seattle Mariners
717720,2023-06-17T20:10:00Z,Pittsburgh Pirates,Milwaukee Brewers
717717,2023-06-17T23:15:00Z,Tampa Bay Rays,San Diego Padres
717730,2023-06-17T23:15:00Z,New York Yankees,Boston Red Sox
717721,2023-06-18T01:10:00Z,San Francisco Giants,Los Angeles Dodgers
717719,2023-06-18T02:10:00Z,Cleveland Guardians,Arizona Diamondbacks
717708,2023-06-18T17:05:00Z,Baltimore Orioles,Chicago Cubs
717716,2023-06-18T17:35:00Z,Colorado Rockies,Atlanta Braves
717714,2023-06-18T17:35:00Z,Miami Marlins,Washington Nationals
717713,2023-06-18T17:40:00Z,St. Louis Cardinals,New York Mets
717707,2023-06-18T18:10:00Z,Cincinnati Reds,Houston Astros
717712,2023-06-18T18:10:00Z,Los Angeles Angels,Kansas City Royals
717711,2023-06-18T18:10:00Z,Detroit Tigers,Minnesota Twins
717710,2023-06-18T18:10:00Z,Pittsburgh Pirates,Milwaukee Brewers
717709,2023-06-18T18:35:00Z,Toronto Blue Jays,Texas Rangers
717705,2023-06-18T20:07:00Z,Philadelphia Phillies,Oakland Athletics
717706,2023-06-18T20:10:00Z,Cleveland Guardians,Arizona Diamondbacks
717702,2023-06-18T20:10:00Z,San Francisco Giants,Los Angeles Dodgers
717703,2023-06-18T20:10:00Z,Tampa Bay Rays,San Diego Padres
717704,2023-06-18T20:10:00Z,Chicago White Sox,Seattle Mariners
717715,2023-06-18T23:10:00Z,New York Yankees,Boston Red Sox
717699,2023-06-19T20:05:00Z,St. Louis Cardinals,Washington Nationals
717692,2023-06-19T22:40:00Z,Kansas City Royals,Detroit Tigers
717700,2023-06-19T22:40:00Z,Toronto Blue Jays,Miami Marlins
717698,2023-06-19T23:05:00Z,Chicago Cubs,Pittsburgh Pirates
717701,2023-06-19T23:10:00Z,Colorado Rockies,Cincinnati Reds
717693,2023-06-19T23:40:00Z,Boston Red Sox,Minnesota Twins
717694,2023-06-20T00:10:00Z,New York Mets,Houston Astros
717695,2023-06-20T00:10:00Z,Texas Rangers,Chicago White Sox
717696,2023-06-20T00:10:00Z,Arizona Diamondbacks,Milwaukee Brewers
717697,2023-06-20T01:45:00Z,San Diego Padres,San Francisco Giants
717681,2023-06-20T22:40:00Z,Kansas City Royals,Detroit Tigers
717687,2023-06-20T22:40:00Z,Baltimore Orioles,Tampa Bay Rays
717689,2023-06-20T22:40:00Z,Atlanta Braves,Philadelphia Phillies
717690,2023-06-20T22:40:00Z,Toronto Blue Jays,Miami Marlins
717686,2023-06-20T23:05:00Z,Chicago Cubs,Pittsburgh Pirates
717691,2023-06-20T23:05:00Z,St. Louis Cardinals,Washington Nationals
717684,2023-06-20T23:05:00Z,Seattle Mariners,New York Yankees
717685,2023-06-20T23:10:00Z,Colorado Rockies,Cincinnati Reds
717679,2023-06-20T23:10:00Z,Oakland Athletics,Cleveland Guardians
717683,2023-06-20T23:40:00Z,Boston Red Sox,Minnesota Twins
717682,2023-06-21T00:10:00Z,New York Mets,Houston Astros
717675,2023-06-21T00:10:00Z,Texas Rangers,Chicago White Sox
717680,2023-06-21T00:10:00Z,Arizona Diamondbacks,Milwaukee Brewers
717688,2023-06-21T01:45:00Z,San Diego Padres,San Francisco Giants
717678,2023-06-21T02:07:00Z,Los Angeles Dodgers,Los Angeles Angels
717677,2023-06-21T16:10:00Z,Baltimore Orioles,Tampa Bay Rays
717676,2023-06-21T16:10:00Z,Toronto Blue Jays,Miami Marlins
717669,2023-06-21T16:35:00Z,Colorado Rockies,Cincinnati Reds
717671,2023-06-21T16:35:00Z,Chicago Cubs,Pittsburgh Pirates
717668,2023-06-21T17:10:00Z,Kansas City Royals,Detroit Tigers
717670,2023-06-21T18:10:00Z,New York Mets,Houston Astros
717672,2023-06-21T18:10:00Z,Arizona Diamondbacks,Milwaukee Brewers
717673,2023-06-21T20:05:00Z,St. Louis Cardinals,Washington Nationals
717664,2023-06-21T22:40:00Z,Atlanta Braves,Philadelphia Phillies
717666,2023-06-21T23:05:00Z,Seattle Mariners,New York Yankees
717663,2023-06-21T23:10:00Z,Oakland Athletics,Cleveland Guardians
717665,2023-06-21T23:40:00Z,Boston Red Sox,Minnesota Twins
717667,2023-06-22T00:10:00Z,Texas Rangers,Chicago White Sox
717662,2023-06-22T01:38:00Z,Los Angeles Dodgers,Los Angeles Angels
717674,2023-06-22T01:45:00Z,San Diego Padres,San Francisco Giants
717847,2023-06-22T17:05:00Z,Arizona Diamondbacks,Washington Nationals
717657,2023-06-22T17:05:00Z,Atlanta Braves,Philadelphia Phillies
717660,2023-06-22T17:10:00Z,Oakland Athletics,Cleveland Guardians
717658,2023-06-22T17:10:00Z,Boston Red Sox,Minnesota Twins
717661,2023-06-22T19:45:00Z,San Diego Padres,San Francisco Giants
717659,2023-06-22T22:40:00Z,Kansas City Royals,Tampa Bay Rays
717654,2023-06-22T22:40:00Z,Pittsburgh Pirates,Miami Marlins
717652,2023-06-22T23:05:00Z,Seattle Mariners,New York Yankees
717649,2023-06-23T22:40:00Z,Kansas City Royals,Tampa Bay Rays
717647,2023-06-23T22:40:00Z,Minnesota Twins,Detroit Tigers
717650,2023-06-23T22:40:00Z,Atlanta Braves,Cincinnati Reds
717653,2023-06-23T22:40:00Z,Pittsburgh Pirates,Miami Marlins
717651,2023-06-23T23:05:00Z,Seattle Mariners,Baltimore Orioles
717656,2023-06-23T23:05:00Z,New York Mets,Philadelphia Phillies
717655,2023-06-23T23:05:00Z,Texas Rangers,New York Yankees
717646,2023-06-23T23:07:00Z,Oakland Athletics,Toronto Blue Jays
717648,2023-06-23T23:10:00Z,Milwaukee Brewers,Cleveland Guardians
717645,2023-06-24T00:10:00Z,Boston Red Sox,Chicago White Sox
717644,2023-06-24T00:40:00Z,Los Angeles Angels,Colorado Rockies
717642,2023-06-24T01:40:00Z,Washington Nationals,San Diego Padres
717643,2023-06-24T02:10:00Z,Houston Astros,Los Angeles Dodgers
717641,2023-06-24T02:15:00Z,Arizona Diamondbacks,San Francisco Giants
717637,2023-06-24T17:10:00Z,Chicago Cubs,St. Louis Cardinals
717628,2023-06-24T20:05:00Z,Seattle Mariners,Baltimore Orioles
717639,2023-06-24T20:05:00Z,Arizona Diamondbacks,San Francisco Giants
717635,2023-06-24T20:05:00Z,New York Mets,Philadelphia Phillies
717636,2023-06-24T20:05:00Z,Texas Rangers,New York Yankees
717634,2023-06-24T20:07:00Z,Oakland Athletics,Toronto Blue Jays
717632,2023-06-24T20:10:00Z,Kansas City Royals,Tampa Bay Rays
717631,2023-06-24T20:10:00Z,Atlanta Braves,Cincinnati Reds
717629,2023-06-24T20:10:00Z,Boston Red Sox,Chicago White Sox
717630,2023-06-24T20:10:00Z,Pittsburgh Pirates,Miami Marlins
717625,2023-06-24T20:10:00Z,Milwaukee Brewers,Cleveland Guardians
717626,2023-06-24T23:15:00Z,Houston Astros,Los Angeles Dodgers
717633,2023-06-24T23:15:00Z,Minnesota Twins,Detroit Tigers
717638,2023-06-25T00:40:00Z,Washington Nationals,San Diego Padres
717640,2023-06-25T01:10:00Z,Los Angeles Angels,Colorado Rockies
717623,2023-06-25T14:10:00Z,Chicago Cubs,St. Louis Cardinals
717627,2023-06-25T17:35:00Z,Seattle Mariners,Baltimore Orioles
717624,2023-06-25T17:35:00Z,New York Mets,Philadelphia Phillies
717622,2023-06-25T17:35:00Z,Texas Rangers,New York Yankees
717617,2023-06-25T17:37:00Z,Oakland Athletics,Toronto Blue Jays
717619,2023-06-25T17:40:00Z,Kansas City Royals,Tampa Bay Rays
717621,2023-06-25T17:40:00Z,Minnesota Twins,Detroit Tigers
717618,2023-06-25T17:40:00Z,Atlanta Braves,Cincinnati Reds
717620,2023-06-25T17:40:00Z,Pittsburgh Pirates,Miami Marlins
717613,2023-06-25T17:40:00Z,Milwaukee Brewers,Cleveland Guardians
717614,2023-06-25T18:10:00Z,Boston Red Sox,Chicago White Sox
717616,2023-06-25T19:10:00Z,Los Angeles Angels,Colorado Rockies
717612,2023-06-25T20:05:00Z,Arizona Diamondbacks,San Francisco Giants
717610,2023-06-25T20:10:00Z,Washington Nationals,San Diego Padres
717615,2023-06-25T23:10:00Z,Houston Astros,Los Angeles Dodgers
717611,2023-06-26T23:05:00Z,Cincinnati Reds,Baltimore Orioles
717607,2023-06-26T23:10:00Z,Milwaukee Brewers,New York Mets
717609,2023-06-26T23:20:00Z,Minnesota Twins,Atlanta Braves
717606,2023-06-27T00:05:00Z,Detroit Tigers,Texas Rangers
717608,2023-06-27T01:38:00Z,Chicago White Sox,Los Angeles Angels
717602,2023-06-27T01:40:00Z,Washington Nationals,Seattle Mariners
717601,2023-06-27T23:05:00Z,Cincinnati Reds,Baltimore Orioles
717603,2023-06-27T23:05:00Z,San Diego Padres,Pittsburgh Pirates
717604,2023-06-27T23:07:00Z,San Francisco Giants,Toronto Blue Jays
717605,2023-06-27T23:10:00Z,Miami Marlins,Boston Red Sox
717597,2023-06-27T23:10:00Z,Milwaukee Brewers,New York Mets
717600,2023-06-27T23:20:00Z,Minnesota Twins,Atlanta Braves
717598,2023-06-27T23:45:00Z,Houston Astros,St. Louis Cardinals
717599,2023-06-28T00:05:00Z,Detroit Tigers,Texas Rangers
717596,2023-06-28T00:05:00Z,Philadelphia Phillies,Chicago Cubs
717591,2023-06-28T00:10:00Z,Cleveland Guardians,Kansas City Royals
717594,2023-06-28T00:40:00Z,Los Angeles Dodgers,Colorado Rockies
717592,2023-06-28T01:38:00Z,Chicago White Sox,Los Angeles Angels
717590,2023-06-28T01:40:00Z,Washington Nationals,Seattle Mariners
717593,2023-06-28T01:40:00Z,Tampa Bay Rays,Arizona Diamondbacks
717595,2023-06-28T01:40:00Z,New York Yankees,Oakland Athletics
717588,2023-06-28T16:20:00Z,Minnesota Twins,Atlanta Braves
717587,2023-06-28T20:10:00Z,Washington Nationals,Seattle Mariners
717589,2023-06-28T23:05:00Z,Cincinnati Reds,Baltimore Orioles
717585,2023-06-28T23:05:00Z,San Diego Padres,Pittsburgh Pirates
717586,2023-06-28T23:07:00Z,San Francisco Giants,Toronto Blue Jays
717583,2023-06-28T23:10:00Z,Miami Marlins,Boston Red Sox
717581,2023-06-28T23:10:00Z,Milwaukee Brewers,New York Mets
717582,2023-06-28T23:45:00Z,Houston Astros,St. Louis Cardinals
717580,2023-06-29T00:05:00Z,Detroit Tigers,Texas Rangers
717584,2023-06-29T00:05:00Z,Philadelphia Phillies,Chicago Cubs
717577,2023-06-29T00:10:00Z,Cleveland Guardians,Kansas City Royals
717578,2023-06-29T00:40:00Z,Los Angeles Dodgers,Colorado Rockies
717576,2023-06-29T01:38:00Z,Chicago White Sox,Los Angeles Angels
717575,2023-06-29T01:40:00Z,Tampa Bay Rays,Arizona Diamondbacks
717579,2023-06-29T01:40:00Z,New York Yankees,Oakland Athletics
717571,2023-06-29T16:35:00Z,San Diego Padres,Pittsburgh Pirates
717570,2023-06-29T18:05:00Z,Detroit Tigers,Texas Rangers
717573,2023-06-29T18:10:00Z,Cleveland Guardians,Kansas City Royals
717574,2023-06-29T19:37:00Z,New York Yankees,Oakland Athletics
717568,2023-06-29T19:40:00Z,Tampa Bay Rays,Arizona Diamondbacks
717560,2023-06-29T20:07:00Z,Chicago White Sox,Los Angeles Angels
717569,2023-06-29T22:10:00Z,Miami Marlins,Boston Red Sox
717564,2023-06-29T23:07:00Z,San Francisco Giants,Toronto Blue Jays
717565,2023-06-29T23:10:00Z,Milwaukee Brewers,New York Mets
717566,2023-06-29T23:15:00Z,Houston Astros,St. Louis Cardinals
717567,2023-06-30T00:05:00Z,Philadelphia Phillies,Chicago Cubs
717572,2023-06-30T00:40:00Z,Los Angeles Dodgers,Colorado Rockies
717559,2023-06-30T18:20:00Z,Cleveland Guardians,Chicago Cubs
717557,2023-06-30T21:10:00Z,San Diego Padres,Cincinnati Reds
717563,2023-06-30T22:05:00Z,Washington Nationals,Philadelphia Phillies
717561,2023-06-30T23:05:00Z,Minnesota Twins,Baltimore Orioles
717562,2023-06-30T23:05:00Z,Milwaukee Brewers,Pittsburgh Pirates
717555,2023-06-30T23:07:00Z,Boston Red Sox,Toronto Blue Jays
717556,2023-06-30T23:10:00Z,San Francisco Giants,New York Mets
717558,2023-06-30T23:20:00Z,Miami Marlins,Atlanta Braves
717554,2023-07-01T00:05:00Z,Houston Astros,Texas Rangers
717552,2023-07-01T00:10:00Z,Detroit Tigers,Colorado Rockies
717553,2023-07-01T00:10:00Z,Los Angeles Dodgers,Kansas City Royals
717550,2023-07-01T00:15:00Z,New York Yankees,St. Louis Cardinals
717549,2023-07-01T01:38:00Z,Arizona Diamondbacks,Los Angeles Angels
717551,2023-07-01T01:40:00Z,Chicago White Sox,Oakland Athletics
717548,2023-07-01T02:10:00Z,Tampa Bay Rays,Seattle Mariners
717539,2023-07-01T17:40:00Z,San Diego Padres,Cincinnati Reds
717545,2023-07-01T18:15:00Z,New York Yankees,St. Louis Cardinals
717547,2023-07-01T19:07:00Z,Boston Red Sox,Toronto Blue Jays
717542,2023-07-01T20:05:00Z,Houston Astros,Texas Rangers
717541,2023-07-01T20:05:00Z,Minnesota Twins,Baltimore Orioles
717543,2023-07-01T20:05:00Z,Washington Nationals,Philadelphia Phillies
717540,2023-07-01T20:05:00Z,Milwaukee Brewers,Pittsburgh Pirates
717538,2023-07-01T20:07:00Z,Chicago White Sox,Oakland Athletics
717535,2023-07-01T20:10:00Z,San Francisco Giants,New York Mets
717536,2023-07-01T20:10:00Z,Miami Marlins,Atlanta Braves
717546,2023-07-01T23:15:00Z,Cleveland Guardians,Chicago Cubs
717537,2023-07-01T23:15:00Z,Los Angeles Dodgers,Kansas City Royals
717534,2023-07-01T23:15:00Z,Tampa Bay Rays,Seattle Mariners
717544,2023-07-02T01:10:00Z,Detroit Tigers,Colorado Rockies
717533,2023-07-02T02:07:00Z,Arizona Diamondbacks,Los Angeles Angels
717529,2023-07-02T16:05:00Z,Minnesota Twins,Baltimore Orioles
717528,2023-07-02T17:35:00Z,Washington Nationals,Philadelphia Phillies
717532,2023-07-02T17:35:00Z,Miami Marlins,Atlanta Braves
717531,2023-07-02T17:35:00Z,Milwaukee Brewers,Pittsburgh Pirates
717530,2023-07-02T17:37:00Z,Boston Red Sox,Toronto Blue Jays
717526,2023-07-02T17:40:00Z,San Diego Padres,Cincinnati Reds
717525,2023-07-02T17:40:00Z,San Francisco Giants,New York Mets
717527,2023-07-02T18:10:00Z,Los Angeles Dodgers,Kansas City Royals
717524,2023-07-02T18:15:00Z,New York Yankees,St. Louis Cardinals
717521,2023-07-02T18:20:00Z,Cleveland Guardians,Chicago Cubs
717520,2023-07-02T18:35:00Z,Houston Astros,Texas Rangers
717523,2023-07-02T19:10:00Z,Detroit Tigers,Colorado Rockies
717522,2023-07-02T20:07:00Z,Arizona Diamondbacks,Los Angeles Angels
717518,2023-07-02T20:07:00Z,Chicago White Sox,Oakland Athletics
717519,2023-07-02T20:10:00Z,Tampa Bay Rays,Seattle Mariners
717514,2023-07-03T18:05:00Z,Houston Astros,Texas Rangers
717511,2023-07-03T18:10:00Z,Chicago Cubs,Milwaukee Brewers
717517,2023-07-03T22:05:00Z,Cincinnati Reds,Washington Nationals
717515,2023-07-03T22:40:00Z,St. Louis Cardinals,Miami Marlins
717513,2023-07-03T23:05:00Z,Baltimore Orioles,New York Yankees
717512,2023-07-03T23:10:00Z,Atlanta Braves,Cleveland Guardians
717510,2023-07-04T00:10:00Z,Kansas City Royals,Minnesota Twins
717505,2023-07-04T01:40:00Z,Los Angeles Angels,San Diego Padres
717516,2023-07-04T01:45:00Z,Seattle Mariners,San Francisco Giants
717506,2023-07-04T02:10:00Z,Pittsburgh Pirates,Los Angeles Dodgers
717507,2023-07-04T15:05:00Z,Cincinnati Reds,Washington Nationals
717508,2023-07-04T17:05:00Z,Baltimore Orioles,New York Yankees
717502,2023-07-04T17:10:00Z,St. Louis Cardinals,Miami Marlins
717501,2023-07-04T17:35:00Z,Texas Rangers,Boston Red Sox
717500,2023-07-04T18:10:00Z,Kansas City Royals,Minnesota Twins
717509,2023-07-04T20:05:00Z,Seattle Mariners,San Francisco Giants
717504,2023-07-04T20:10:00Z,Colorado Rockies,Houston Astros
717498,2023-07-04T20:10:00Z,New York Mets,Arizona Diamondbacks
717499,2023-07-04T20:10:00Z,Philadelphia Phillies,Tampa Bay Rays
717503,2023-07-04T20:10:00Z,Chicago Cubs,Milwaukee Brewers
717494,2023-07-04T22:40:00Z,Oakland Athletics,Detroit Tigers
717497,2023-07-04T22:40:00Z,Los Angeles Angels,San Diego Padres
717495,2023-07-04T23:10:00Z,Atlanta Braves,Cleveland Guardians
717496,2023-07-05T00:10:00Z,Toronto Blue Jays,Chicago White Sox
717492,2023-07-05T01:10:00Z,Pittsburgh Pirates,Los Angeles Dodgers
717489,2023-07-05T18:10:00Z,Colorado Rockies,Houston Astros
717485,2023-07-05T22:40:00Z,Oakland Athletics,Detroit Tigers
717491,2023-07-05T22:40:00Z,Philadelphia Phillies,Tampa Bay Rays
717488,2023-07-05T22:40:00Z,St. Louis Cardinals,Miami Marlins
717493,2023-07-05T23:05:00Z,Cincinnati Reds,Washington Nationals
717487,2023-07-05T23:05:00Z,Baltimore Orioles,New York Yankees
717484,2023-07-05T23:10:00Z,Texas Rangers,Boston Red Sox
717486,2023-07-05T23:10:00Z,Atlanta Braves,Cleveland Guardians
717482,2023-07-05T23:40:00Z,Kansas City Royals,Minnesota Twins
717480,2023-07-06T00:10:00Z,Toronto Blue Jays,Chicago White Sox
717483,2023-07-06T00:10:00Z,Chicago Cubs,Milwaukee Brewers
717478,2023-07-06T00:40:00Z,Los Angeles Angels,San Diego Padres
717490,2023-07-06T01:05:00Z,Seattle Mariners,San Francisco Giants
717477,2023-07-06T01:40:00Z,New York Mets,Arizona Diamondbacks
717479,2023-07-06T02:10:00Z,Pittsburgh Pirates,Los Angeles Dodgers
717481,2023-07-06T17:05:00Z,Cincinnati Reds,Washington Nationals
717476,2023-07-06T17:10:00Z,Oakland Athletics,Detroit Tigers
717474,2023-07-06T18:10:00Z,Chicago Cubs,Milwaukee Brewers
717472,2023-07-06T22:40:00Z,Philadelphia Phillies,Tampa Bay Rays
717473,2023-07-06T22:40:00Z,St. Louis Cardinals,Miami Marlins
717475,2023-07-06T23:05:00Z,Baltimore Orioles,New York Yankees
717469,2023-07-06T23:10:00Z,Kansas City Royals,Cleveland Guardians
717471,2023-07-06T23:10:00Z,Texas Rangers,Boston Red Sox
717467,2023-07-07T00:10:00Z,Seattle Mariners,Houston Astros
717468,2023-07-07T00:10:00Z,Toronto Blue Jays,Chicago White Sox
717470,2023-07-07T01:40:00Z,New York Mets,Arizona Diamondbacks
717462,2023-07-07T02:10:00Z,Pittsburgh Pirates,Los Angeles Dodgers
717457,2023-07-07T22:40:00Z,Toronto Blue Jays,Detroit Tigers
717460,2023-07-07T22:40:00Z,Atlanta Braves,Tampa Bay Rays
717466,2023-07-07T22:40:00Z,Philadelphia Phillies,Miami Marlins
717465,2023-07-07T23:05:00Z,Texas Rangers,Washington Nationals
717464,2023-07-07T23:05:00Z,Chicago Cubs,New York Yankees
717463,2023-07-07T23:10:00Z,Kansas City Royals,Cleveland Guardians
717461,2023-07-07T23:10:00Z,Oakland Athletics,Boston Red Sox
717453,2023-07-08T00:10:00Z,Seattle Mariners,Houston Astros
717458,2023-07-08T00:10:00Z,Baltimore Orioles,Minnesota Twins
717455,2023-07-08T00:10:00Z,St. Louis Cardinals,Chicago White Sox
717459,2023-07-08T00:10:00Z,Cincinnati Reds,Milwaukee Brewers
717452,2023-07-08T01:40:00Z,Pittsburgh Pirates,Arizona Diamondbacks
717454,2023-07-08T01:40:00Z,New York Mets,San Diego Padres
717456,2023-07-08T02:10:00Z,Los Angeles Angels,Los Angeles Dodgers
717448,2023-07-08T02:15:00Z,Colorado Rockies,San Francisco Giants
717447,2023-07-08T17:05:00Z,Chicago Cubs,New York Yankees
717442,2023-07-08T17:10:00Z,Toronto Blue Jays,Detroit Tigers
717446,2023-07-08T18:10:00Z,Baltimore Orioles,Minnesota Twins
717445,2023-07-08T18:10:00Z,St. Louis Cardinals,Chicago White Sox
717451,2023-07-08T20:05:00Z,Colorado Rockies,San Francisco Giants
717450,2023-07-08T20:05:00Z,Texas Rangers,Washington Nationals
717443,2023-07-08T20:10:00Z,Kansas City Royals,Cleveland Guardians
717449,2023-07-08T20:10:00Z,Oakland Athletics,Boston Red Sox
717439,2023-07-08T20:10:00Z,Pittsburgh Pirates,Arizona Diamondbacks
717438,2023-07-08T20:10:00Z,Philadelphia Phillies,Miami Marlins
717444,2023-07-08T20:10:00Z,Cincinnati Reds,Milwaukee Brewers
717440,2023-07-08T23:15:00Z,Seattle Mariners,Houston Astros
717441,2023-07-08T23:15:00Z,Atlanta Braves,Tampa Bay Rays
717437,2023-07-09T01:10:00Z,Los Angeles Angels,Los Angeles Dodgers
717436,2023-07-09T02:10:00Z,New York Mets,San Diego Padres
717432,2023-07-09T16:05:00Z,Texas Rangers,Washington Nationals
717435,2023-07-09T17:35:00Z,Oakland Athletics,Boston Red Sox
717433,2023-07-09T17:35:00Z,Chicago Cubs,New York Yankees
717434,2023-07-09T17:40:00Z,Kansas City Royals,Cleveland Guardians
717431,2023-07-09T17:40:00Z,Toronto Blue Jays,Detroit Tigers
717429,2023-07-09T17:40:00Z,Atlanta Braves,Tampa Bay Rays
717426,2023-07-09T17:40:00Z,Philadelphia Phillies,Miami Marlins
717430,2023-07-09T18:10:00Z,Seattle Mariners,Houston Astros
717428,2023-07-09T18:10:00Z,Baltimore Orioles,Minnesota Twins
717424,2023-07-09T18:10:00Z,St. Louis Cardinals,Chicago White Sox
717427,2023-07-09T18:10:00Z,Cincinnati Reds,Milwaukee Brewers
717422,2023-07-09T20:05:00Z,Colorado Rockies,San Francisco Giants
717425,2023-07-09T20:10:00Z,Pittsburgh Pirates,Arizona Diamondbacks
717423,2023-07-09T20:10:00Z,New York Mets,San Diego Padres
717421,2023-07-12T00:00:00Z,National League All-Stars,American League All-Stars
717418,2023-07-14T22:05:00Z,San Diego Padres,Philadelphia Phillies
717416,2023-07-14T23:05:00Z,San Francisco Giants,Pittsburgh Pirates
717417,2023-07-14T23:05:00Z,Miami Marlins,Baltimore Orioles
717420,2023-07-14T23:07:00Z,Arizona Diamondbacks,Toronto Blue Jays
717413,2023-07-14T23:10:00Z,Los Angeles Dodgers,New York Mets
717412,2023-07-14T23:10:00Z,Milwaukee Brewers,Cincinnati Reds
717414,2023-07-14T23:20:00Z,Chicago White Sox,Atlanta Braves
717419,2023-07-15T00:05:00Z,Boston Red Sox,Chicago Cubs
717415,2023-07-15T00:05:00Z,Cleveland Guardians,Texas Rangers
717411,2023-07-15T00:10:00Z,Tampa Bay Rays,Kansas City Royals
717407,2023-07-15T00:15:00Z,Washington Nationals,St. Louis Cardinals
717410,2023-07-15T00:40:00Z,New York Yankees,Colorado Rockies
717405,2023-07-15T01:38:00Z,Houston Astros,Los Angeles Angels
717409,2023-07-15T01:40:00Z,Minnesota Twins,Oakland Athletics
717406,2023-07-15T02:10:00Z,Detroit Tigers,Seattle Mariners
717408,2023-07-15T17:05:00Z,San Diego Padres,Philadelphia Phillies
717397,2023-07-15T23:05:00Z,San Diego Padres,Philadelphia Phillies
717403,2023-07-15T18:20:00Z,Boston Red Sox,Chicago Cubs
717404,2023-07-15T19:07:00Z,Arizona Diamondbacks,Toronto Blue Jays
717402,2023-07-15T20:05:00Z,Cleveland Guardians,Texas Rangers
717398,2023-07-15T23:05:00Z,San Francisco Giants,Pittsburgh Pirates
717401,2023-07-15T23:05:00Z,Miami Marlins,Baltimore Orioles
717399,2023-07-15T23:07:00Z,Minnesota Twins,Oakland Athletics
717393,2023-07-15T23:10:00Z,Tampa Bay Rays,Kansas City Royals
717392,2023-07-15T23:10:00Z,Milwaukee Brewers,Cincinnati Reds
717400,2023-07-15T23:15:00Z,Los Angeles Dodgers,New York Mets
717396,2023-07-15T23:15:00Z,Washington Nationals,St. Louis Cardinals
717395,2023-07-15T23:15:00Z,Chicago White Sox,Atlanta Braves
717394,2023-07-16T00:10:00Z,New York Yankees,Colorado Rockies
717389,2023-07-16T01:07:00Z,Houston Astros,Los Angeles Angels
717390,2023-07-16T01:40:00Z,Detroit Tigers,Seattle Mariners
717388,2023-07-16T16:05:00Z,San Francisco Giants,Pittsburgh Pirates
717387,2023-07-16T17:35:00Z,San Diego Padres,Philadelphia Phillies
717391,2023-07-16T17:35:00Z,Chicago White Sox,Atlanta Braves
717384,2023-07-16T17:35:00Z,Miami Marlins,Baltimore Orioles
717386,2023-07-16T17:37:00Z,Arizona Diamondbacks,Toronto Blue Jays
717385,2023-07-16T17:40:00Z,Los Angeles Dodgers,New York Mets
717383,2023-07-16T17:40:00Z,Milwaukee Brewers,Cincinnati Reds
717382,2023-07-16T18:10:00Z,Tampa Bay Rays,Kansas City Royals
717380,2023-07-16T18:15:00Z,Washington Nationals,St. Louis Cardinals
717376,2023-07-16T18:20:00Z,Boston Red Sox,Chicago Cubs
717377,2023-07-16T18:35:00Z,Cleveland Guardians,Texas Rangers
717378,2023-07-16T19:10:00Z,New York Yankees,Colorado Rockies
717381,2023-07-16T20:07:00Z,Houston Astros,Los Angeles Angels
717379,2023-07-16T20:07:00Z,Minnesota Twins,Oakland Athletics
717373,2023-07-16T20:10:00Z,Detroit Tigers,Seattle Mariners
717372,2023-07-17T23:05:00Z,Los Angeles Dodgers,Baltimore Orioles
717371,2023-07-17T23:05:00Z,Cleveland Guardians,Pittsburgh Pirates
717375,2023-07-17T23:10:00Z,San Francisco Giants,Cincinnati Reds
717374,2023-07-17T23:45:00Z,Miami Marlins,St. Louis Cardinals
717370,2023-07-18T00:05:00Z,Washington Nationals,Chicago Cubs
717367,2023-07-18T00:05:00Z,Tampa Bay Rays,Texas Rangers
717368,2023-07-18T00:10:00Z,Detroit Tigers,Kansas City Royals
717369,2023-07-18T01:38:00Z,New York Yankees,Los Angeles Angels
717366,2023-07-18T01:40:00Z,Boston Red Sox,Oakland Athletics
717365,2023-07-18T01:40:00Z,Minnesota Twins,Seattle Mariners
717363,2023-07-18T22:40:00Z,Milwaukee Brewers,Philadelphia Phillies
717361,2023-07-18T23:05:00Z,Los Angeles Dodgers,Baltimore Orioles
717364,2023-07-18T23:05:00Z,Cleveland Guardians,Pittsburgh Pirates
717362,2023-07-18T23:07:00Z,San Diego Padres,Toronto Blue Jays
717360,2023-07-18T23:10:00Z,San Francisco Giants,Cincinnati Reds
717359,2023-07-18T23:10:00Z,Chicago White Sox,New York Mets
717358,2023-07-18T23:20:00Z,Arizona Diamondbacks,Atlanta Braves
717357,2023-07-18T23:45:00Z,Miami Marlins,St. Louis Cardinals
717353,2023-07-19T00:05:00Z,Washington Nationals,Chicago Cubs
717354,2023-07-19T00:05:00Z,Tampa Bay Rays,Texas Rangers
717356,2023-07-19T00:10:00Z,Detroit Tigers,Kansas City Royals
717355,2023-07-19T00:40:00Z,Houston Astros,Colorado Rockies
717352,2023-07-19T01:38:00Z,New York Yankees,Los Angeles Angels
717349,2023-07-19T01:40:00Z,Boston Red Sox,Oakland Athletics
717350,2023-07-19T01:40:00Z,Minnesota Twins,Seattle Mariners
717348,2023-07-19T16:35:00Z,Cleveland Guardians,Pittsburgh Pirates
717343,2023-07-19T17:05:00Z,Los Angeles Dodgers,Baltimore Orioles
717346,2023-07-19T18:05:00Z,Tampa Bay Rays,Texas Rangers
717351,2023-07-19T18:15:00Z,Miami Marlins,St. Louis Cardinals
717345,2023-07-19T19:10:00Z,Houston Astros,Colorado Rockies
717344,2023-07-19T19:37:00Z,Boston Red Sox,Oakland Athletics
717347,2023-07-19T22:40:00Z,Milwaukee Brewers,Philadelphia Phillies
717338,2023-07-19T23:07:00Z,San Diego Padres,Toronto Blue Jays
717339,2023-07-19T23:07:00Z,New York Yankees,Los Angeles Angels
717342,2023-07-19T23:10:00Z,San Francisco Giants,Cincinnati Reds
717341,2023-07-19T23:10:00Z,Chicago White Sox,New York Mets
717340,2023-07-19T23:20:00Z,Arizona Diamondbacks,Atlanta Braves
717336,2023-07-20T00:05:00Z,Washington Nationals,Chicago Cubs
717333,2023-07-20T00:10:00Z,Detroit Tigers,Kansas City Royals
717335,2023-07-20T01:40:00Z,Minnesota Twins,Seattle Mariners
717337,2023-07-20T16:20:00Z,Arizona Diamondbacks,Atlanta Braves
717334,2023-07-20T16:35:00Z,San Francisco Giants,Cincinnati Reds
717329,2023-07-20T16:35:00Z,Milwaukee Brewers,Philadelphia Phillies
717331,2023-07-20T17:07:00Z,San Diego Padres,Toronto Blue Jays
717330,2023-07-20T17:10:00Z,Chicago White Sox,New York Mets
717332,2023-07-20T18:10:00Z,Detroit Tigers,Kansas City Royals
717327,2023-07-20T19:40:00Z,Minnesota Twins,Seattle Mariners
717328,2023-07-20T22:40:00Z,Baltimore Orioles,Tampa Bay Rays
717322,2023-07-21T00:05:00Z,St. Louis Cardinals,Chicago Cubs
717323,2023-07-21T01:40:00Z,Houston Astros,Oakland Athletics
717325,2023-07-21T18:20:00Z,St. Louis Cardinals,Chicago Cubs
717317,2023-07-21T22:40:00Z,San Diego Padres,Detroit Tigers
717320,2023-07-21T22:40:00Z,Baltimore Orioles,Tampa Bay Rays
717319,2023-07-21T22:40:00Z,Colorado Rockies,Miami Marlins
717326,2023-07-21T23:05:00Z,San Francisco Giants,Washington Nationals
717318,2023-07-21T23:05:00Z,Kansas City Royals,New York Yankees
717321,2023-07-21T23:10:00Z,Arizona Diamondbacks,Cincinnati Reds
717324,2023-07-21T23:10:00Z,New York Mets,Boston Red Sox
717315,2023-07-21T23:10:00Z,Philadelphia Phillies,Cleveland Guardians
717316,2023-07-22T00:05:00Z,Los Angeles Dodgers,Texas Rangers
717314,2023-07-22T00:10:00Z,Chicago White Sox,Minnesota Twins
717313,2023-07-22T00:10:00Z,Atlanta Braves,Milwaukee Brewers
717312,2023-07-22T01:38:00Z,Pittsburgh Pirates,Los Angeles Angels
717310,2023-07-22T01:40:00Z,Houston Astros,Oakland Athletics
717311,2023-07-22T02:10:00Z,Toronto Blue Jays,Seattle Mariners
717304,2023-07-22T17:05:00Z,Kansas City Royals,New York Yankees
717306,2023-07-22T17:10:00Z,Colorado Rockies,Miami Marlins
717308,2023-07-22T18:20:00Z,St. Louis Cardinals,Chicago Cubs
717305,2023-07-22T20:05:00Z,Los Angeles Dodgers,Texas Rangers
717303,2023-07-22T20:10:00Z,Arizona Diamondbacks,Cincinnati Reds
717309,2023-07-22T20:10:00Z,New York Mets,Boston Red Sox
717300,2023-07-22T20:10:00Z,Baltimore Orioles,Tampa Bay Rays
717301,2023-07-22T20:10:00Z,Toronto Blue Jays,Seattle Mariners
717299,2023-07-22T22:10:00Z,San Diego Padres,Detroit Tigers
717307,2023-07-22T23:05:00Z,San Francisco Giants,Washington Nationals
717302,2023-07-22T23:10:00Z,Philadelphia Phillies,Cleveland Guardians
717293,2023-07-22T23:15:00Z,Chicago White Sox,Minnesota Twins
717296,2023-07-22T23:15:00Z,Atlanta Braves,Milwaukee Brewers
717295,2023-07-23T01:07:00Z,Houston Astros,Oakland Athletics
717297,2023-07-23T01:07:00Z,Pittsburgh Pirates,Los Angeles Angels
717288,2023-07-23T16:05:00Z,San Diego Padres,Detroit Tigers
717290,2023-07-23T17:35:00Z,San Francisco Giants,Washington Nationals
717294,2023-07-23T17:35:00Z,Kansas City Royals,New York Yankees
717289,2023-07-23T17:40:00Z,Arizona Diamondbacks,Cincinnati Reds
717291,2023-07-23T17:40:00Z,Baltimore Orioles,Tampa Bay Rays
717283,2023-07-23T17:40:00Z,Philadelphia Phillies,Cleveland Guardians
717292,2023-07-23T17:40:00Z,Colorado Rockies,Miami Marlins
717285,2023-07-23T18:10:00Z,Chicago White Sox,Minnesota Twins
717287,2023-07-23T18:10:00Z,Atlanta Braves,Milwaukee Brewers
717286,2023-07-23T18:20:00Z,St. Louis Cardinals,Chicago Cubs
717284,2023-07-23T18:35:00Z,Los Angeles Dodgers,Texas Rangers
717279,2023-07-23T20:07:00Z,Houston Astros,Oakland Athletics
717278,2023-07-23T20:07:00Z,Pittsburgh Pirates,Los Angeles Angels
717281,2023-07-23T20:10:00Z,Toronto Blue Jays,Seattle Mariners
717298,2023-07-23T07:33:00Z,New York Mets,Boston Red Sox
718558,2023-07-24T17:10:00Z,San Francisco Giants,Detroit Tigers
717280,2023-07-24T22:40:00Z,Baltimore Orioles,Philadelphia Phillies
717282,2023-07-24T23:05:00Z,Colorado Rockies,Washington Nationals
717277,2023-07-24T23:10:00Z,Kansas City Royals,Cleveland Guardians
717275,2023-07-24T23:40:00Z,Seattle Mariners,Minnesota Twins
717274,2023-07-25T00:10:00Z,Texas Rangers,Houston Astros
717273,2023-07-25T00:10:00Z,Cincinnati Reds,Milwaukee Brewers
717276,2023-07-25T01:40:00Z,Pittsburgh Pirates,San Diego Padres
717268,2023-07-25T01:40:00Z,St. Louis Cardinals,Arizona Diamondbacks
717271,2023-07-25T02:10:00Z,Toronto Blue Jays,Los Angeles Dodgers
717265,2023-07-25T22:40:00Z,Los Angeles Angels,Detroit Tigers
717267,2023-07-25T22:40:00Z,Baltimore Orioles,Philadelphia Phillies
717270,2023-07-25T22:40:00Z,Miami Marlins,Tampa Bay Rays
717269,2023-07-25T23:05:00Z,Colorado Rockies,Washington Nationals
717266,2023-07-25T23:05:00Z,New York Mets,New York Yankees
717260,2023-07-25T23:10:00Z,Kansas City Royals,Cleveland Guardians
717261,2023-07-25T23:10:00Z,Atlanta Braves,Boston Red Sox
717264,2023-07-25T23:40:00Z,Seattle Mariners,Minnesota Twins
717255,2023-07-26T00:10:00Z,Texas Rangers,Houston Astros
717263,2023-07-26T00:10:00Z,Chicago Cubs,Chicago White Sox
717262,2023-07-26T00:10:00Z,Cincinnati Reds,Milwaukee Brewers
717258,2023-07-26T01:40:00Z,Pittsburgh Pirates,San Diego Padres
717259,2023-07-26T01:40:00Z,St. Louis Cardinals,Arizona Diamondbacks
717272,2023-07-26T01:45:00Z,Oakland Athletics,San Francisco Giants
717256,2023-07-26T02:10:00Z,Toronto Blue Jays,Los Angeles Dodgers
717257,2023-07-26T16:05:00Z,Colorado Rockies,Washington Nationals
717252,2023-07-26T16:10:00Z,Miami Marlins,Tampa Bay Rays
717249,2023-07-26T17:10:00Z,Kansas City Royals,Cleveland Guardians
717250,2023-07-26T17:10:00Z,Seattle Mariners,Minnesota Twins
717254,2023-07-26T18:10:00Z,Cincinnati Reds,Milwaukee Brewers
717244,2023-07-26T19:40:00Z,St. Louis Cardinals,Arizona Diamondbacks
717246,2023-07-26T20:10:00Z,Pittsburgh Pirates,San Diego Padres
717253,2023-07-26T20:10:00Z,Toronto Blue Jays,Los Angeles Dodgers
717245,2023-07-26T22:05:00Z,Baltimore Orioles,Philadelphia Phillies
717247,2023-07-26T22:40:00Z,Los Angeles Angels,Detroit Tigers
717248,2023-07-26T23:05:00Z,New York Mets,New York Yankees
717242,2023-07-26T23:10:00Z,Atlanta Braves,Boston Red Sox
717239,2023-07-27T00:10:00Z,Texas Rangers,Houston Astros
717240,2023-07-27T00:10:00Z,Chicago Cubs,Chicago White Sox
717251,2023-07-27T01:45:00Z,Oakland Athletics,San Francisco Giants
717243,2023-07-27T17:10:00Z,Los Angeles Angels,Detroit Tigers
717241,2023-07-27T23:10:00Z,Washington Nationals,New York Mets
717238,2023-07-27T23:45:00Z,Chicago Cubs,St. Louis Cardinals
717233,2023-07-28T00:10:00Z,Cleveland Guardians,Chicago White Sox
717236,2023-07-28T22:40:00Z,Detroit Tigers,Miami Marlins
717234,2023-07-28T23:05:00Z,Philadelphia Phillies,Pittsburgh Pirates
717237,2023-07-28T23:05:00Z,New York Yankees,Baltimore Orioles
717235,2023-07-28T23:07:00Z,Los Angeles Angels,Toronto Blue Jays
717230,2023-07-28T23:10:00Z,Washington Nationals,New York Mets
717228,2023-07-28T23:10:00Z,Cleveland Guardians,Chicago White Sox
717231,2023-07-28T23:20:00Z,Milwaukee Brewers,Atlanta Braves
717229,2023-07-29T00:10:00Z,Tampa Bay Rays,Houston Astros
717232,2023-07-29T00:10:00Z,Minnesota Twins,Kansas City Royals
717226,2023-07-29T00:15:00Z,Chicago Cubs,St. Louis Cardinals
717227,2023-07-29T00:40:00Z,Oakland Athletics,Colorado Rockies
717223,2023-07-29T01:40:00Z,Seattle Mariners,Arizona Diamondbacks
717224,2023-07-29T01:40:00Z,Texas Rangers,San Diego Padres
717225,2023-07-29T02:10:00Z,Cincinnati Reds,Los Angeles Dodgers
717220,2023-07-29T02:15:00Z,Boston Red Sox,San Francisco Giants
717222,2023-07-29T19:07:00Z,Los Angeles Angels,Toronto Blue Jays
717218,2023-07-29T20:10:00Z,Detroit Tigers,Miami Marlins
717216,2023-07-29T23:05:00Z,Philadelphia Phillies,Pittsburgh Pirates
717219,2023-07-29T23:05:00Z,New York Yankees,Baltimore Orioles
717215,2023-07-29T23:10:00Z,Washington Nationals,New York Mets
717207,2023-07-29T23:10:00Z,Minnesota Twins,Kansas City Royals
717217,2023-07-29T23:10:00Z,Cleveland Guardians,Chicago White Sox
717221,2023-07-29T23:15:00Z,Boston Red Sox,San Francisco Giants
717213,2023-07-29T23:15:00Z,Chicago Cubs,St. Louis Cardinals
717214,2023-07-29T23:15:00Z,Tampa Bay Rays,Houston Astros
717211,2023-07-29T23:20:00Z,Milwaukee Brewers,Atlanta Braves
717212,2023-07-30T00:10:00Z,Oakland Athletics,Colorado Rockies
717210,2023-07-30T00:10:00Z,Seattle Mariners,Arizona Diamondbacks
717209,2023-07-30T00:40:00Z,Texas Rangers,San Diego Padres
717205,2023-07-30T01:10:00Z,Cincinnati Reds,Los Angeles Dodgers
717201,2023-07-30T16:05:00Z,Los Angeles Angels,Toronto Blue Jays
717208,2023-07-30T17:35:00Z,Philadelphia Phillies,Pittsburgh Pirates
717200,2023-07-30T17:35:00Z,New York Yankees,Baltimore Orioles
717206,2023-07-30T17:35:00Z,Milwaukee Brewers,Atlanta Braves
717203,2023-07-30T17:40:00Z,Washington Nationals,New York Mets
717202,2023-07-30T17:40:00Z,Detroit Tigers,Miami Marlins
717196,2023-07-30T18:10:00Z,Tampa Bay Rays,Houston Astros
717198,2023-07-30T18:10:00Z,Minnesota Twins,Kansas City Royals
717204,2023-07-30T18:10:00Z,Cleveland Guardians,Chicago White Sox
717195,2023-07-30T18:15:00Z,Chicago Cubs,St. Louis Cardinals
717199,2023-07-30T19:10:00Z,Oakland Athletics,Colorado Rockies
717197,2023-07-30T20:05:00Z,Boston Red Sox,San Francisco Giants
717194,2023-07-30T20:10:00Z,Cincinnati Reds,Los Angeles Dodgers
717193,2023-07-30T20:10:00Z,Seattle Mariners,Arizona Diamondbacks
717191,2023-07-30T20:10:00Z,Texas Rangers,San Diego Padres
717189,2023-07-31T22:40:00Z,Philadelphia Phillies,Miami Marlins
717185,2023-07-31T23:05:00Z,Tampa Bay Rays,New York Yankees
717192,2023-07-31T23:05:00Z,Milwaukee Brewers,Washington Nationals
717186,2023-07-31T23:07:00Z,Baltimore Orioles,Toronto Blue Jays
717187,2023-07-31T23:20:00Z,Los Angeles Angels,Atlanta Braves
717188,2023-08-01T00:05:00Z,Cincinnati Reds,Chicago Cubs
717184,2023-08-01T00:10:00Z,Cleveland Guardians,Houston Astros
717179,2023-08-01T00:40:00Z,San Diego Padres,Colorado Rockies
717181,2023-08-01T01:40:00Z,Boston Red Sox,Seattle Mariners
717190,2023-08-01T01:45:00Z,Arizona Diamondbacks,San Francisco Giants
717182,2023-08-01T22:40:00Z,Philadelphia Phillies,Miami Marlins
717178,2023-08-01T23:05:00Z,Detroit Tigers,Pittsburgh Pirates
717175,2023-08-01T23:05:00Z,Tampa Bay Rays,New York Yankees
717183,2023-08-01T23:05:00Z,Milwaukee Brewers,Washington Nationals
717177,2023-08-01T23:07:00Z,Baltimore Orioles,Toronto Blue Jays
717176,2023-08-01T23:20:00Z,Los Angeles Angels,Atlanta Braves
717174,2023-08-01T23:45:00Z,Minnesota Twins,St. Louis Cardinals
717173,2023-08-02T00:05:00Z,Cincinnati Reds,Chicago Cubs
717168,2023-08-02T00:05:00Z,Chicago White Sox,Texas Rangers
717172,2023-08-02T00:10:00Z,Cleveland Guardians,Houston Astros
717170,2023-08-02T00:10:00Z,New York Mets,Kansas City Royals
717169,2023-08-02T00:40:00Z,San Diego Padres,Colorado Rockies
717167,2023-08-02T01:40:00Z,Boston Red Sox,Seattle Mariners
717180,2023-08-02T01:45:00Z,Arizona Diamondbacks,San Francisco Giants
717171,2023-08-02T02:10:00Z,Oakland Athletics,Los Angeles Dodgers
717165,2023-08-02T16:20:00Z,Los Angeles Angels,Atlanta Braves
717166,2023-08-02T16:35:00Z,Detroit Tigers,Pittsburgh Pirates
717162,2023-08-02T17:05:00Z,Milwaukee Brewers,Washington Nationals
717163,2023-08-02T18:10:00Z,Cleveland Guardians,Houston Astros
717158,2023-08-02T19:10:00Z,San Diego Padres,Colorado Rockies
717161,2023-08-02T20:10:00Z,Boston Red Sox,Seattle Mariners
717159,2023-08-02T22:40:00Z,Philadelphia Phillies,Miami Marlins
717160,2023-08-02T23:05:00Z,Tampa Bay Rays,New York Yankees
717157,2023-08-02T23:07:00Z,Baltimore Orioles,Toronto Blue Jays
717155,2023-08-02T23:45:00Z,Minnesota Twins,St. Louis Cardinals
717153,2023-08-03T00:05:00Z,Cincinnati Reds,Chicago Cubs
717152,2023-08-03T00:05:00Z,Chicago White Sox,Texas Rangers
717156,2023-08-03T00:10:00Z,New York Mets,Kansas City Royals
717164,2023-08-03T01:45:00Z,Arizona Diamondbacks,San Francisco Giants
717154,2023-08-03T02:10:00Z,Oakland Athletics,Los Angeles Dodgers
717147,2023-08-03T16:10:00Z,Philadelphia Phillies,Miami Marlins
717149,2023-08-03T18:05:00Z,Chicago White Sox,Texas Rangers
717148,2023-08-03T18:10:00Z,New York Mets,Kansas City Royals
717150,2023-08-03T19:07:00Z,Baltimore Orioles,Toronto Blue Jays
717151,2023-08-03T19:45:00Z,Arizona Diamondbacks,San Francisco Giants
717142,2023-08-03T23:15:00Z,Houston Astros,New York Yankees
717143,2023-08-03T23:15:00Z,Pittsburgh Pirates,Milwaukee Brewers
717145,2023-08-03T23:45:00Z,Minnesota Twins,St. Louis Cardinals
717146,2023-08-04T00:05:00Z,Cincinnati Reds,Chicago Cubs
717144,2023-08-04T01:38:00Z,Seattle Mariners,Los Angeles Angels
717137,2023-08-04T02:10:00Z,Oakland Athletics,Los Angeles Dodgers
717141,2023-08-04T18:20:00Z,Atlanta Braves,Chicago Cubs
717139,2023-08-04T22:40:00Z,Washington Nationals,Cincinnati Reds
717135,2023-08-04T22:40:00Z,Tampa Bay Rays,Detroit Tigers
717134,2023-08-04T23:05:00Z,New York Mets,Baltimore Orioles
717140,2023-08-04T23:05:00Z,Kansas City Royals,Philadelphia Phillies
717138,2023-08-04T23:05:00Z,Houston Astros,New York Yankees
717136,2023-08-04T23:10:00Z,Toronto Blue Jays,Boston Red Sox
717132,2023-08-04T23:10:00Z,Chicago White Sox,Cleveland Guardians
717133,2023-08-05T00:05:00Z,Miami Marlins,Texas Rangers
717128,2023-08-05T00:10:00Z,Arizona Diamondbacks,Minnesota Twins
717131,2023-08-05T00:10:00Z,Pittsburgh Pirates,Milwaukee Brewers
717127,2023-08-05T00:15:00Z,Colorado Rockies,St. Louis Cardinals
717130,2023-08-05T01:38:00Z,Seattle Mariners,Los Angeles Angels
717129,2023-08-05T01:40:00Z,Los Angeles Dodgers,San Diego Padres
717126,2023-08-05T17:05:00Z,Houston Astros,New York Yankees
717122,2023-08-05T17:10:00Z,Tampa Bay Rays,Detroit Tigers
717121,2023-08-05T18:20:00Z,Atlanta Braves,Chicago Cubs
717124,2023-08-05T20:05:00Z,Miami Marlins,Texas Rangers
717120,2023-08-05T20:10:00Z,Washington Nationals,Cincinnati Reds
717125,2023-08-05T20:10:00Z,Toronto Blue Jays,Boston Red Sox
717123,2023-08-05T22:05:00Z,Kansas City Royals,Philadelphia Phillies
717114,2023-08-05T23:05:00Z,New York Mets,Baltimore Orioles
717117,2023-08-05T23:07:00Z,San Francisco Giants,Oakland Athletics
717118,2023-08-05T23:10:00Z,Arizona Diamondbacks,Minnesota Twins
717115,2023-08-05T23:10:00Z,Chicago White Sox,Cleveland Guardians
717116,2023-08-05T23:10:00Z,Pittsburgh Pirates,Milwaukee Brewers
717119,2023-08-05T23:15:00Z,Colorado Rockies,St. Louis Cardinals
717112,2023-08-06T00:40:00Z,Los Angeles Dodgers,San Diego Padres
717109,2023-08-06T01:07:00Z,Seattle Mariners,Los Angeles Angels
717108,2023-08-06T16:05:00Z,Chicago White Sox,Cleveland Guardians
717107,2023-08-06T17:35:00Z,New York Mets,Baltimore Orioles
717111,2023-08-06T17:35:00Z,Toronto Blue Jays,Boston Red Sox
717113,2023-08-06T17:35:00Z,Kansas City Royals,Philadelphia Phillies
717110,2023-08-06T17:35:00Z,Houston Astros,New York Yankees
717104,2023-08-06T17:40:00Z,Washington Nationals,Cincinnati Reds
717103,2023-08-06T17:40:00Z,Tampa Bay Rays,Detroit Tigers
717106,2023-08-06T18:10:00Z,Arizona Diamondbacks,Minnesota Twins
717105,2023-08-06T18:10:00Z,Pittsburgh Pirates,Milwaukee Brewers
717099,2023-08-06T18:15:00Z,Colorado Rockies,St. Louis Cardinals
717098,2023-08-06T18:20:00Z,Atlanta Braves,Chicago Cubs
717102,2023-08-06T18:35:00Z,Miami Marlins,Texas Rangers
717101,2023-08-06T20:07:00Z,Seattle Mariners,Los Angeles Angels
717100,2023-08-06T20:07:00Z,San Francisco Giants,Oakland Athletics
717093,2023-08-06T20:10:00Z,Los Angeles Dodgers,San Diego Padres
717094,2023-08-07T20:10:00Z,Los Angeles Dodgers,San Diego Padres
717091,2023-08-07T22:40:00Z,Minnesota Twins,Detroit Tigers
717096,2023-08-07T22:40:00Z,Washington Nationals,Philadelphia Phillies
717097,2023-08-07T22:40:00Z,Miami Marlins,Cincinnati Reds
717095,2023-08-07T23:05:00Z,Atlanta Braves,Pittsburgh Pirates
717089,2023-08-07T23:10:00Z,Kansas City Royals,Boston Red Sox
717092,2023-08-07T23:10:00Z,Chicago Cubs,New York Mets
717087,2023-08-07T23:10:00Z,Toronto Blue Jays,Cleveland Guardians
717088,2023-08-08T00:10:00Z,New York Yankees,Chicago White Sox
717086,2023-08-08T00:10:00Z,Colorado Rockies,Milwaukee Brewers
717090,2023-08-08T01:38:00Z,San Francisco Giants,Los Angeles Angels
717081,2023-08-08T01:40:00Z,Texas Rangers,Oakland Athletics
717085,2023-08-08T22:40:00Z,St. Louis Cardinals,Tampa Bay Rays
717076,2023-08-08T22:40:00Z,Minnesota Twins,Detroit Tigers
717082,2023-08-08T22:40:00Z,Washington Nationals,Philadelphia Phillies
717083,2023-08-08T22:40:00Z,Miami Marlins,Cincinnati Reds
717084,2023-08-08T23:05:00Z,Houston Astros,Baltimore Orioles
717079,2023-08-08T23:05:00Z,Atlanta Braves,Pittsburgh Pirates
717077,2023-08-08T23:10:00Z,Kansas City Royals,Boston Red Sox
717080,2023-08-08T23:10:00Z,Chicago Cubs,New York Mets
717074,2023-08-08T23:10:00Z,Toronto Blue Jays,Cleveland Guardians
717075,2023-08-09T00:10:00Z,New York Yankees,Chicago White Sox
717078,2023-08-09T00:10:00Z,Colorado Rockies,Milwaukee Brewers
717068,2023-08-09T01:38:00Z,San Francisco Giants,Los Angeles Angels
717073,2023-08-09T01:40:00Z,Los Angeles Dodgers,Arizona Diamondbacks
717072,2023-08-09T01:40:00Z,San Diego Padres,Seattle Mariners
717069,2023-08-09T01:40:00Z,Texas Rangers,Oakland Athletics
717070,2023-08-09T16:35:00Z,Miami Marlins,Cincinnati Reds
717065,2023-08-09T18:10:00Z,Colorado Rockies,Milwaukee Brewers
717063,2023-08-09T19:37:00Z,Texas Rangers,Oakland Athletics
717064,2023-08-09T22:40:00Z,St. Louis Cardinals,Tampa Bay Rays
717061,2023-08-09T22:40:00Z,Minnesota Twins,Detroit Tigers
717066,2023-08-09T22:40:00Z,Washington Nationals,Philadelphia Phillies
717067,2023-08-09T23:05:00Z,Houston Astros,Baltimore Orioles
717058,2023-08-09T23:05:00Z,Atlanta Braves,Pittsburgh Pirates
717059,2023-08-09T23:10:00Z,Kansas City Royals,Boston Red Sox
717062,2023-08-09T23:10:00Z,Chicago Cubs,New York Mets
717060,2023-08-09T23:10:00Z,Toronto Blue Jays,Cleveland Guardians
717054,2023-08-10T00:10:00Z,New York Yankees,Chicago White Sox
717071,2023-08-10T01:38:00Z,San Francisco Giants,Los Angeles Angels
717057,2023-08-10T01:40:00Z,Los Angeles Dodgers,Arizona Diamondbacks
717055,2023-08-10T01:40:00Z,San Diego Padres,Seattle Mariners
717053,2023-08-10T16:35:00Z,Houston Astros,Baltimore Orioles
717056,2023-08-10T16:35:00Z,Atlanta Braves,Pittsburgh Pirates
717052,2023-08-10T17:10:00Z,Toronto Blue Jays,Cleveland Guardians
717050,2023-08-10T17:10:00Z,Minnesota Twins,Detroit Tigers
717048,2023-08-10T22:40:00Z,St. Louis Cardinals,Tampa Bay Rays
717049,2023-08-10T22:40:00Z,Washington Nationals,Philadelphia Phillies
717051,2023-08-10T23:10:00Z,Kansas City Royals,Boston Red Sox
717045,2023-08-11T02:10:00Z,Colorado Rockies,Los Angeles Dodgers
717038,2023-08-11T22:40:00Z,Cleveland Guardians,Tampa Bay Rays
717047,2023-08-11T22:40:00Z,New York Yankees,Miami Marlins
717043,2023-08-11T23:05:00Z,Oakland Athletics,Washington Nationals
717046,2023-08-11T23:05:00Z,Cincinnati Reds,Pittsburgh Pirates
717044,2023-08-11T23:05:00Z,Minnesota Twins,Philadelphia Phillies
717041,2023-08-11T23:07:00Z,Chicago Cubs,Toronto Blue Jays
717042,2023-08-11T23:10:00Z,Detroit Tigers,Boston Red Sox
717040,2023-08-11T23:10:00Z,Atlanta Braves,New York Mets
717037,2023-08-12T00:10:00Z,Los Angeles Angels,Houston Astros
717039,2023-08-12T00:10:00Z,St. Louis Cardinals,Kansas City Royals
717036,2023-08-12T00:10:00Z,Milwaukee Brewers,Chicago White Sox
717035,2023-08-12T01:40:00Z,San Diego Padres,Arizona Diamondbacks
717032,2023-08-12T02:10:00Z,Colorado Rockies,Los Angeles Dodgers
717034,2023-08-12T02:10:00Z,Baltimore Orioles,Seattle Mariners
717031,2023-08-12T02:15:00Z,Texas Rangers,San Francisco Giants
718371,2023-08-12T17:10:00Z,Atlanta Braves,New York Mets
717021,2023-08-12T23:15:00Z,Atlanta Braves,New York Mets
717026,2023-08-12T19:07:00Z,Chicago Cubs,Toronto Blue Jays
717033,2023-08-12T20:10:00Z,Detroit Tigers,Boston Red Sox
717024,2023-08-12T20:10:00Z,Cleveland Guardians,Tampa Bay Rays
717025,2023-08-12T20:10:00Z,New York Yankees,Miami Marlins
717028,2023-08-12T22:05:00Z,Minnesota Twins,Philadelphia Phillies
717030,2023-08-12T23:05:00Z,Oakland Athletics,Washington Nationals
717027,2023-08-12T23:05:00Z,Cincinnati Reds,Pittsburgh Pirates
717019,2023-08-12T23:10:00Z,St. Louis Cardinals,Kansas City Royals
717022,2023-08-12T23:15:00Z,Los Angeles Angels,Houston Astros
717023,2023-08-12T23:15:00Z,Milwaukee Brewers,Chicago White Sox
717020,2023-08-13T00:10:00Z,San Diego Padres,Arizona Diamondbacks
717029,2023-08-13T01:05:00Z,Texas Rangers,San Francisco Giants
717017,2023-08-13T01:10:00Z,Colorado Rockies,Los Angeles Dodgers
717018,2023-08-13T01:40:00Z,Baltimore Orioles,Seattle Mariners
717014,2023-08-13T16:05:00Z,Detroit Tigers,Boston Red Sox
717016,2023-08-13T17:35:00Z,Oakland Athletics,Washington Nationals
717015,2023-08-13T17:35:00Z,Cincinnati Reds,Pittsburgh Pirates
717009,2023-08-13T17:35:00Z,Minnesota Twins,Philadelphia Phillies
717012,2023-08-13T17:37:00Z,Chicago Cubs,Toronto Blue Jays
717010,2023-08-13T17:40:00Z,Cleveland Guardians,Tampa Bay Rays
717013,2023-08-13T17:40:00Z,Atlanta Braves,New York Mets
717011,2023-08-13T17:40:00Z,New York Yankees,Miami Marlins
717004,2023-08-13T18:10:00Z,Los Angeles Angels,Houston Astros
717006,2023-08-13T18:10:00Z,Milwaukee Brewers,Chicago White Sox
717008,2023-08-13T20:05:00Z,Texas Rangers,San Francisco Giants
717007,2023-08-13T20:10:00Z,Colorado Rockies,Los Angeles Dodgers
717003,2023-08-13T20:10:00Z,San Diego Padres,Arizona Diamondbacks
717005,2023-08-13T20:10:00Z,Baltimore Orioles,Seattle Mariners
717000,2023-08-14T22:40:00Z,Houston Astros,Miami Marlins
717002,2023-08-14T23:10:00Z,Pittsburgh Pirates,New York Mets
717001,2023-08-14T23:20:00Z,New York Yankees,Atlanta Braves
716995,2023-08-14T23:45:00Z,Oakland Athletics,St. Louis Cardinals
716997,2023-08-15T00:05:00Z,Los Angeles Angels,Texas Rangers
716994,2023-08-15T00:10:00Z,Seattle Mariners,Kansas City Royals
716998,2023-08-15T00:40:00Z,Arizona Diamondbacks,Colorado Rockies
716996,2023-08-15T01:40:00Z,Baltimore Orioles,San Diego Padres
716999,2023-08-15T01:45:00Z,Tampa Bay Rays,San Francisco Giants
716992,2023-08-15T22:40:00Z,Cleveland Guardians,Cincinnati Reds
716991,2023-08-15T22:40:00Z,Houston Astros,Miami Marlins
716993,2023-08-15T23:05:00Z,Boston Red Sox,Washington Nationals
716990,2023-08-15T23:07:00Z,Philadelphia Phillies,Toronto Blue Jays
716988,2023-08-15T23:10:00Z,Pittsburgh Pirates,New York Mets
716987,2023-08-15T23:20:00Z,New York Yankees,Atlanta Braves
716983,2023-08-15T23:40:00Z,Detroit Tigers,Minnesota Twins
716984,2023-08-15T23:45:00Z,Oakland Athletics,St. Louis Cardinals
716985,2023-08-16T00:05:00Z,Los Angeles Angels,Texas Rangers
716986,2023-08-16T00:05:00Z,Chicago White Sox,Chicago Cubs
716981,2023-08-16T00:10:00Z,Seattle Mariners,Kansas City Royals
716978,2023-08-16T00:40:00Z,Arizona Diamondbacks,Colorado Rockies
716980,2023-08-16T01:40:00Z,Baltimore Orioles,San Diego Padres
716989,2023-08-16T01:45:00Z,Tampa Bay Rays,San Francisco Giants
716979,2023-08-16T02:10:00Z,Milwaukee Brewers,Los Angeles Dodgers
716974,2023-08-16T17:10:00Z,Pittsburgh Pirates,New York Mets
716976,2023-08-16T17:10:00Z,Detroit Tigers,Minnesota Twins
716977,2023-08-16T19:10:00Z,Arizona Diamondbacks,Colorado Rockies
716975,2023-08-16T19:45:00Z,Tampa Bay Rays,San Francisco Giants
716973,2023-08-16T22:40:00Z,Cleveland Guardians,Cincinnati Reds
716972,2023-08-16T22:40:00Z,Houston Astros,Miami Marlins
716969,2023-08-16T22:45:00Z,Oakland Athletics,St. Louis Cardinals
716982,2023-08-16T23:05:00Z,Boston Red Sox,Washington Nationals
716967,2023-08-16T23:07:00Z,Philadelphia Phillies,Toronto Blue Jays
716970,2023-08-16T23:20:00Z,New York Yankees,Atlanta Braves
716971,2023-08-17T00:05:00Z,Los Angeles Angels,Texas Rangers
716968,2023-08-17T00:05:00Z,Chicago White Sox,Chicago Cubs
716963,2023-08-17T00:10:00Z,Seattle Mariners,Kansas City Royals
716965,2023-08-17T00:40:00Z,Baltimore Orioles,San Diego Padres
716962,2023-08-17T02:10:00Z,Milwaukee Brewers,Los Angeles Dodgers
716964,2023-08-17T18:10:00Z,Seattle Mariners,Kansas City Royals
716966,2023-08-17T20:05:00Z,Boston Red Sox,Washington Nationals
716959,2023-08-17T23:15:00Z,Detroit Tigers,Cleveland Guardians
716958,2023-08-17T23:15:00Z,New York Mets,St. Louis Cardinals
716957,2023-08-18T01:40:00Z,Arizona Diamondbacks,San Diego Padres
716961,2023-08-18T02:10:00Z,Milwaukee Brewers,Los Angeles Dodgers
716955,2023-08-18T18:20:00Z,Kansas City Royals,Chicago Cubs
716954,2023-08-18T22:40:00Z,Toronto Blue Jays,Cincinnati Reds
716960,2023-08-18T23:05:00Z,Philadelphia Phillies,Washington Nationals
716953,2023-08-18T23:05:00Z,Boston Red Sox,New York Yankees
716956,2023-08-18T23:10:00Z,Detroit Tigers,Cleveland Guardians
716949,2023-08-18T23:20:00Z,San Francisco Giants,Atlanta Braves
716950,2023-08-19T00:05:00Z,Milwaukee Brewers,Texas Rangers
716948,2023-08-19T00:10:00Z,Seattle Mariners,Houston Astros
716951,2023-08-19T00:10:00Z,Pittsburgh Pirates,Minnesota Twins
716952,2023-08-19T00:15:00Z,New York Mets,St. Louis Cardinals
716947,2023-08-19T00:40:00Z,Chicago White Sox,Colorado Rockies
716945,2023-08-19T01:38:00Z,Tampa Bay Rays,Los Angeles Angels
716944,2023-08-19T01:40:00Z,Baltimore Orioles,Oakland Athletics
716942,2023-08-19T01:40:00Z,Arizona Diamondbacks,San Diego Padres
716946,2023-08-19T02:10:00Z,Miami Marlins,Los Angeles Dodgers
716943,2023-08-19T17:05:00Z,Boston Red Sox,New York Yankees
716937,2023-08-19T18:20:00Z,Kansas City Royals,Chicago Cubs
716941,2023-08-19T20:05:00Z,Philadelphia Phillies,Washington Nationals
716938,2023-08-19T20:05:00Z,Milwaukee Brewers,Texas Rangers
716935,2023-08-19T22:40:00Z,Toronto Blue Jays,Cincinnati Reds
716939,2023-08-19T23:10:00Z,Detroit Tigers,Cleveland Guardians
716932,2023-08-19T23:10:00Z,Seattle Mariners,Houston Astros
716936,2023-08-19T23:10:00Z,Pittsburgh Pirates,Minnesota Twins
716940,2023-08-19T23:15:00Z,New York Mets,St. Louis Cardinals
716934,2023-08-19T23:20:00Z,San Francisco Giants,Atlanta Braves
716933,2023-08-20T00:10:00Z,Chicago White Sox,Colorado Rockies
716931,2023-08-20T00:40:00Z,Arizona Diamondbacks,San Diego Padres
716930,2023-08-20T01:07:00Z,Baltimore Orioles,Oakland Athletics
716925,2023-08-20T01:07:00Z,Tampa Bay Rays,Los Angeles Angels
716926,2023-08-20T01:10:00Z,Miami Marlins,Los Angeles Dodgers
716920,2023-08-20T17:05:00Z,Seattle Mariners,Houston Astros
716927,2023-08-20T17:35:00Z,San Francisco Giants,Atlanta Braves
716928,2023-08-20T17:35:00Z,Boston Red Sox,New York Yankees
716922,2023-08-20T17:40:00Z,Detroit Tigers,Cleveland Guardians
716924,2023-08-20T17:40:00Z,Toronto Blue Jays,Cincinnati Reds
716923,2023-08-20T18:10:00Z,Pittsburgh Pirates,Minnesota Twins
716921,2023-08-20T18:15:00Z,New York Mets,St. Louis Cardinals
716917,2023-08-20T18:20:00Z,Kansas City Royals,Chicago Cubs
716918,2023-08-20T18:35:00Z,Milwaukee Brewers,Texas Rangers
716916,2023-08-20T19:10:00Z,Chicago White Sox,Colorado Rockies
716914,2023-08-20T20:07:00Z,Baltimore Orioles,Oakland Athletics
716915,2023-08-20T20:07:00Z,Tampa Bay Rays,Los Angeles Angels
716919,2023-08-20T20:10:00Z,Arizona Diamondbacks,San Diego Padres
716909,2023-08-20T20:10:00Z,Miami Marlins,Los Angeles Dodgers
716929,2023-08-20T23:10:00Z,Philadelphia Phillies,Washington Nationals
716913,2023-08-21T22:40:00Z,Chicago Cubs,Detroit Tigers
716911,2023-08-21T22:40:00Z,San Francisco Giants,Philadelphia Phillies
716912,2023-08-21T23:05:00Z,St. Louis Cardinals,Pittsburgh Pirates
716910,2023-08-21T23:20:00Z,New York Mets,Atlanta Braves
716908,2023-08-22T00:10:00Z,Boston Red Sox,Houston Astros
716905,2023-08-22T00:10:00Z,Seattle Mariners,Chicago White Sox
716903,2023-08-22T01:38:00Z,Cincinnati Reds,Los Angeles Angels
716904,2023-08-22T01:40:00Z,Kansas City Royals,Oakland Athletics
716906,2023-08-22T01:40:00Z,Texas Rangers,Arizona Diamondbacks
716907,2023-08-22T01:40:00Z,Miami Marlins,San Diego Padres
716896,2023-08-22T22:40:00Z,Chicago Cubs,Detroit Tigers
716898,2023-08-22T22:40:00Z,Colorado Rockies,Tampa Bay Rays
716899,2023-08-22T22:40:00Z,San Francisco Giants,Philadelphia Phillies
716901,2023-08-22T23:05:00Z,St. Louis Cardinals,Pittsburgh Pirates
716902,2023-08-22T23:05:00Z,Toronto Blue Jays,Baltimore Orioles
716900,2023-08-22T23:05:00Z,Washington Nationals,New York Yankees
716897,2023-08-22T23:10:00Z,Los Angeles Dodgers,Cleveland Guardians
716891,2023-08-22T23:20:00Z,New York Mets,Atlanta Braves
716895,2023-08-23T00:10:00Z,Boston Red Sox,Houston Astros
716893,2023-08-23T00:10:00Z,Seattle Mariners,Chicago White Sox
716894,2023-08-23T00:10:00Z,Minnesota Twins,Milwaukee Brewers
716892,2023-08-23T01:38:00Z,Cincinnati Reds,Los Angeles Angels
716888,2023-08-23T01:40:00Z,Kansas City Royals,Oakland Athletics
716889,2023-08-23T01:40:00Z,Texas Rangers,Arizona Diamondbacks
716887,2023-08-23T01:40:00Z,Miami Marlins,San Diego Padres
716886,2023-08-23T16:35:00Z,St. Louis Cardinals,Pittsburgh Pirates
716885,2023-08-23T17:10:00Z,Chicago Cubs,Detroit Tigers
716881,2023-08-23T18:10:00Z,Seattle Mariners,Chicago White Sox
716882,2023-08-23T18:10:00Z,Minnesota Twins,Milwaukee Brewers
716884,2023-08-23T19:37:00Z,Kansas City Royals,Oakland Athletics
716879,2023-08-23T20:05:00Z,San Francisco Giants,Philadelphia Phillies
716890,2023-08-23T20:07:00Z,Cincinnati Reds,Los Angeles Angels
716883,2023-08-23T20:10:00Z,Miami Marlins,San Diego Padres
716880,2023-08-23T22:40:00Z,Colorado Rockies,Tampa Bay Rays
716874,2023-08-23T23:05:00Z,Toronto Blue Jays,Baltimore Orioles
716877,2023-08-23T23:05:00Z,Washington Nationals,New York Yankees
716875,2023-08-23T23:10:00Z,Los Angeles Dodgers,Cleveland Guardians
716876,2023-08-23T23:20:00Z,New York Mets,Atlanta Braves
716878,2023-08-24T00:10:00Z,Boston Red Sox,Houston Astros
716872,2023-08-24T17:05:00Z,Washington Nationals,New York Yankees
716871,2023-08-24T17:10:00Z,Los Angeles Dodgers,Cleveland Guardians
716869,2023-08-24T17:10:00Z,Colorado Rockies,Tampa Bay Rays
716873,2023-08-24T18:10:00Z,Boston Red Sox,Houston Astros
716870,2023-08-24T23:05:00Z,Chicago Cubs,Pittsburgh Pirates
716865,2023-08-24T23:05:00Z,Toronto Blue Jays,Baltimore Orioles
716867,2023-08-24T23:10:00Z,Texas Rangers,Minnesota Twins
716864,2023-08-25T00:10:00Z,Oakland Athletics,Chicago White Sox
716868,2023-08-25T01:40:00Z,Cincinnati Reds,Arizona Diamondbacks
716858,2023-08-25T22:40:00Z,Houston Astros,Detroit Tigers
716863,2023-08-25T22:40:00Z,Washington Nationals,Miami Marlins
716854,2023-08-25T22:40:00Z,New York Yankees,Tampa Bay Rays
716859,2023-08-25T23:05:00Z,Colorado Rockies,Baltimore Orioles
716862,2023-08-25T23:05:00Z,Chicago Cubs,Pittsburgh Pirates
716861,2023-08-25T23:05:00Z,St. Louis Cardinals,Philadelphia Phillies
716860,2023-08-25T23:07:00Z,Cleveland Guardians,Toronto Blue Jays
716866,2023-08-25T23:10:00Z,Los Angeles Dodgers,Boston Red Sox
716855,2023-08-25T23:10:00Z,Los Angeles Angels,New York Mets
716856,2023-08-25T23:10:00Z,Oakland Athletics,Chicago White Sox
716850,2023-08-26T00:10:00Z,Texas Rangers,Minnesota Twins
716857,2023-08-26T00:10:00Z,San Diego Padres,Milwaukee Brewers
716851,2023-08-26T01:40:00Z,Cincinnati Reds,Arizona Diamondbacks
716853,2023-08-26T02:10:00Z,Kansas City Royals,Seattle Mariners
716852,2023-08-26T02:15:00Z,Atlanta Braves,San Francisco Giants
716846,2023-08-26T19:07:00Z,Cleveland Guardians,Toronto Blue Jays
716848,2023-08-26T20:05:00Z,Atlanta Braves,San Francisco Giants
716849,2023-08-26T20:10:00Z,Los Angeles Dodgers,Boston Red Sox
716832,2023-08-26T20:10:00Z,Kansas City Royals,Seattle Mariners
716844,2023-08-26T20:10:00Z,Washington Nationals,Miami Marlins
716845,2023-08-26T20:10:00Z,New York Yankees,Tampa Bay Rays
716843,2023-08-26T22:10:00Z,Houston Astros,Detroit Tigers
716837,2023-08-26T23:05:00Z,Colorado Rockies,Baltimore Orioles
716840,2023-08-26T23:10:00Z,Los Angeles Angels,New York Mets
716841,2023-08-26T23:10:00Z,Oakland Athletics,Chicago White Sox
716838,2023-08-26T23:10:00Z,San Diego Padres,Milwaukee Brewers
716842,2023-08-26T23:15:00Z,Chicago Cubs,Pittsburgh Pirates
716839,2023-08-26T23:15:00Z,Texas Rangers,Minnesota Twins
716847,2023-08-26T23:15:00Z,St. Louis Cardinals,Philadelphia Phillies
716833,2023-08-27T00:10:00Z,Cincinnati Reds,Arizona Diamondbacks
716829,2023-08-27T16:05:00Z,Los Angeles Angels,New York Mets
716836,2023-08-27T17:35:00Z,Colorado Rockies,Baltimore Orioles
716834,2023-08-27T17:35:00Z,Chicago Cubs,Pittsburgh Pirates
716835,2023-08-27T17:35:00Z,St. Louis Cardinals,Philadelphia Phillies
716825,2023-08-27T17:37:00Z,Cleveland Guardians,Toronto Blue Jays
716830,2023-08-27T17:40:00Z,Houston Astros,Detroit Tigers
716827,2023-08-27T17:40:00Z,Washington Nationals,Miami Marlins
716828,2023-08-27T17:40:00Z,New York Yankees,Tampa Bay Rays
716824,2023-08-27T18:10:00Z,Texas Rangers,Minnesota Twins
716826,2023-08-27T18:10:00Z,Oakland Athletics,Chicago White Sox
716822,2023-08-27T18:10:00Z,San Diego Padres,Milwaukee Brewers
716819,2023-08-27T20:05:00Z,Atlanta Braves,San Francisco Giants
716821,2023-08-27T20:10:00Z,Cincinnati Reds,Arizona Diamondbacks
716820,2023-08-27T20:10:00Z,Kansas City Royals,Seattle Mariners
716831,2023-08-27T07:33:00Z,Los Angeles Dodgers,Boston Red Sox
716817,2023-08-28T22:40:00Z,Los Angeles Angels,Philadelphia Phillies
716808,2023-08-28T22:40:00Z,New York Yankees,Detroit Tigers
716815,2023-08-28T23:05:00Z,Chicago White Sox,Baltimore Orioles
716816,2023-08-28T23:07:00Z,Washington Nationals,Toronto Blue Jays
716814,2023-08-28T23:10:00Z,Houston Astros,Boston Red Sox
716818,2023-08-28T23:10:00Z,Texas Rangers,New York Mets
716813,2023-08-28T23:40:00Z,Cleveland Guardians,Minnesota Twins
716809,2023-08-28T23:45:00Z,San Diego Padres,St. Louis Cardinals
716810,2023-08-29T00:05:00Z,Milwaukee Brewers,Chicago Cubs
716811,2023-08-29T00:10:00Z,Pittsburgh Pirates,Kansas City Royals
716812,2023-08-29T00:40:00Z,Atlanta Braves,Colorado Rockies
716804,2023-08-29T01:40:00Z,Oakland Athletics,Seattle Mariners
716823,2023-08-29T01:45:00Z,Cincinnati Reds,San Francisco Giants
716805,2023-08-29T02:10:00Z,Arizona Diamondbacks,Los Angeles Dodgers
716806,2023-08-29T22:40:00Z,Los Angeles Angels,Philadelphia Phillies
716807,2023-08-29T22:40:00Z,Tampa Bay Rays,Miami Marlins
716795,2023-08-29T22:40:00Z,New York Yankees,Detroit Tigers
716800,2023-08-29T23:05:00Z,Chicago White Sox,Baltimore Orioles
716801,2023-08-29T23:07:00Z,Washington Nationals,Toronto Blue Jays
716802,2023-08-29T23:10:00Z,Houston Astros,Boston Red Sox
716799,2023-08-29T23:10:00Z,Texas Rangers,New York Mets
716796,2023-08-29T23:40:00Z,Cleveland Guardians,Minnesota Twins
716797,2023-08-29T23:45:00Z,San Diego Padres,St. Louis Cardinals
716798,2023-08-30T00:05:00Z,Milwaukee Brewers,Chicago Cubs
716793,2023-08-30T00:10:00Z,Pittsburgh Pirates,Kansas City Royals
716791,2023-08-30T00:40:00Z,Atlanta Braves,Colorado Rockies
716790,2023-08-30T01:40:00Z,Oakland Athletics,Seattle Mariners
716803,2023-08-30T01:45:00Z,Cincinnati Reds,San Francisco Giants
716792,2023-08-30T02:10:00Z,Arizona Diamondbacks,Los Angeles Dodgers
716787,2023-08-30T17:05:00Z,Los Angeles Angels,Philadelphia Phillies
716786,2023-08-30T17:05:00Z,Chicago White Sox,Baltimore Orioles
716784,2023-08-30T17:10:00Z,Cleveland Guardians,Minnesota Twins
716782,2023-08-30T18:15:00Z,San Diego Padres,St. Louis Cardinals
716779,2023-08-30T18:20:00Z,Milwaukee Brewers,Chicago Cubs
716785,2023-08-30T19:07:00Z,Washington Nationals,Toronto Blue Jays
716789,2023-08-30T19:45:00Z,Cincinnati Reds,San Francisco Giants
716794,2023-08-30T20:10:00Z,Houston Astros,Boston Red Sox
716788,2023-08-30T20:10:00Z,Oakland Athletics,Seattle Mariners
716783,2023-08-30T22:40:00Z,Texas Rangers,New York Mets
716778,2023-08-30T22:40:00Z,Tampa Bay Rays,Miami Marlins
716781,2023-08-30T22:40:00Z,New York Yankees,Detroit Tigers
716780,2023-08-31T00:10:00Z,Pittsburgh Pirates,Kansas City Royals
716773,2023-08-31T00:40:00Z,Atlanta Braves,Colorado Rockies
716774,2023-08-31T02:10:00Z,Arizona Diamondbacks,Los Angeles Dodgers
716775,2023-08-31T17:10:00Z,New York Yankees,Detroit Tigers
716776,2023-08-31T23:05:00Z,Miami Marlins,Washington Nationals
716777,2023-09-01T01:40:00Z,San Francisco Giants,San Diego Padres
716768,2023-09-01T02:10:00Z,Atlanta Braves,Los Angeles Dodgers
718700,2023-09-01T17:10:00Z,Chicago Cubs,Cincinnati Reds
716770,2023-09-01T22:40:00Z,Chicago Cubs,Cincinnati Reds
716771,2023-09-01T23:05:00Z,Miami Marlins,Washington Nationals
716769,2023-09-01T23:10:00Z,Seattle Mariners,New York Mets
716767,2023-09-01T23:10:00Z,Tampa Bay Rays,Cleveland Guardians
716772,2023-09-02T00:05:00Z,Minnesota Twins,Texas Rangers
716764,2023-09-02T00:10:00Z,Boston Red Sox,Kansas City Royals
716762,2023-09-02T00:10:00Z,Detroit Tigers,Chicago White Sox
716763,2023-09-02T00:10:00Z,New York Yankees,Houston Astros
716765,2023-09-02T00:10:00Z,Philadelphia Phillies,Milwaukee Brewers
716766,2023-09-02T00:15:00Z,Pittsburgh Pirates,St. Louis Cardinals
716759,2023-09-02T00:40:00Z,Toronto Blue Jays,Colorado Rockies
716756,2023-09-02T01:40:00Z,Baltimore Orioles,Arizona Diamondbacks
716758,2023-09-02T01:40:00Z,Los Angeles Angels,Oakland Athletics
716761,2023-09-02T01:40:00Z,San Francisco Giants,San Diego Padres
716757,2023-09-02T02:10:00Z,Atlanta Braves,Los Angeles Dodgers
716760,2023-09-02T20:05:00Z,Miami Marlins,Washington Nationals
716755,2023-09-02T20:07:00Z,Los Angeles Angels,Oakland Athletics
716754,2023-09-02T22:10:00Z,Tampa Bay Rays,Cleveland Guardians
716753,2023-09-02T22:40:00Z,Chicago Cubs,Cincinnati Reds
716750,2023-09-02T23:10:00Z,Boston Red Sox,Kansas City Royals
716751,2023-09-02T23:10:00Z,Seattle Mariners,New York Mets
716749,2023-09-02T23:10:00Z,Detroit Tigers,Chicago White Sox
716746,2023-09-02T23:10:00Z,New York Yankees,Houston Astros
716744,2023-09-02T23:15:00Z,Pittsburgh Pirates,St. Louis Cardinals
716752,2023-09-02T23:15:00Z,Minnesota Twins,Texas Rangers
716745,2023-09-02T23:15:00Z,Philadelphia Phillies,Milwaukee Brewers
716747,2023-09-03T00:10:00Z,Baltimore Orioles,Arizona Diamondbacks
716748,2023-09-03T00:10:00Z,Toronto Blue Jays,Colorado Rockies
716743,2023-09-03T00:40:00Z,San Francisco Giants,San Diego Padres
716741,2023-09-03T01:10:00Z,Atlanta Braves,Los Angeles Dodgers
716738,2023-09-03T16:10:00Z,Chicago Cubs,Cincinnati Reds
716736,2023-09-03T17:05:00Z,Philadelphia Phillies,Milwaukee Brewers
716740,2023-09-03T17:35:00Z,Miami Marlins,Washington Nationals
716742,2023-09-03T17:40:00Z,Seattle Mariners,New York Mets
716739,2023-09-03T18:10:00Z,Boston Red Sox,Kansas City Royals
716734,2023-09-03T18:10:00Z,Detroit Tigers,Chicago White Sox
716733,2023-09-03T18:15:00Z,Pittsburgh Pirates,St. Louis Cardinals
716737,2023-09-03T18:35:00Z,Minnesota Twins,Texas Rangers
716730,2023-09-03T19:10:00Z,Toronto Blue Jays,Colorado Rockies
716731,2023-09-03T20:07:00Z,Los Angeles Angels,Oakland Athletics
716732,2023-09-03T20:10:00Z,Baltimore Orioles,Arizona Diamondbacks
716728,2023-09-03T20:10:00Z,San Francisco Giants,San Diego Padres
716729,2023-09-03T20:10:00Z,Tampa Bay Rays,Cleveland Guardians
716725,2023-09-03T20:10:00Z,Atlanta Braves,Los Angeles Dodgers
716735,2023-09-03T23:10:00Z,New York Yankees,Houston Astros
716681,2023-09-04T18:10:00Z,Chicago White Sox,Kansas City Royals
716723,2023-09-04T18:20:00Z,San Francisco Giants,Chicago Cubs
716724,2023-09-04T20:05:00Z,Houston Astros,Texas Rangers
716726,2023-09-04T20:07:00Z,Toronto Blue Jays,Oakland Athletics
716721,2023-09-04T20:10:00Z,Colorado Rockies,Arizona Diamondbacks
716727,2023-09-04T20:10:00Z,Seattle Mariners,Cincinnati Reds
716722,2023-09-04T20:10:00Z,Boston Red Sox,Tampa Bay Rays
716719,2023-09-04T22:10:00Z,Minnesota Twins,Cleveland Guardians
716718,2023-09-04T22:35:00Z,Milwaukee Brewers,Pittsburgh Pirates
716720,2023-09-04T22:40:00Z,Philadelphia Phillies,San Diego Padres
716713,2023-09-05T01:38:00Z,Baltimore Orioles,Los Angeles Angels
716717,2023-09-05T22:10:00Z,Minnesota Twins,Cleveland Guardians
716714,2023-09-05T22:35:00Z,Milwaukee Brewers,Pittsburgh Pirates
716712,2023-09-05T22:40:00Z,Seattle Mariners,Cincinnati Reds
716716,2023-09-05T22:40:00Z,Boston Red Sox,Tampa Bay Rays
716710,2023-09-05T22:40:00Z,Los Angeles Dodgers,Miami Marlins
716715,2023-09-05T23:05:00Z,New York Mets,Washington Nationals
716711,2023-09-05T23:05:00Z,Detroit Tigers,New York Yankees
716709,2023-09-05T23:20:00Z,St. Louis Cardinals,Atlanta Braves
716708,2023-09-05T23:40:00Z,San Francisco Giants,Chicago Cubs
716704,2023-09-05T23:40:00Z,Chicago White Sox,Kansas City Royals
716705,2023-09-06T00:05:00Z,Houston Astros,Texas Rangers
716706,2023-09-06T01:38:00Z,Baltimore Orioles,Los Angeles Angels
716702,2023-09-06T01:40:00Z,Colorado Rockies,Arizona Diamondbacks
716707,2023-09-06T01:40:00Z,Toronto Blue Jays,Oakland Athletics
716703,2023-09-06T01:40:00Z,Philadelphia Phillies,San Diego Padres
716697,2023-09-06T16:35:00Z,Milwaukee Brewers,Pittsburgh Pirates
716700,2023-09-06T17:10:00Z,Minnesota Twins,Cleveland Guardians
716699,2023-09-06T18:20:00Z,San Francisco Giants,Chicago Cubs
716698,2023-09-06T19:37:00Z,Toronto Blue Jays,Oakland Athletics
716692,2023-09-06T19:40:00Z,Colorado Rockies,Arizona Diamondbacks
716691,2023-09-06T20:10:00Z,Philadelphia Phillies,San Diego Padres
716693,2023-09-06T22:40:00Z,Seattle Mariners,Cincinnati Reds
716696,2023-09-06T22:40:00Z,Boston Red Sox,Tampa Bay Rays
716695,2023-09-06T22:40:00Z,Los Angeles Dodgers,Miami Marlins
716701,2023-09-06T23:05:00Z,New York Mets,Washington Nationals
716694,2023-09-06T23:05:00Z,Detroit Tigers,New York Yankees
716689,2023-09-06T23:20:00Z,St. Louis Cardinals,Atlanta Braves
716688,2023-09-06T23:40:00Z,Chicago White Sox,Kansas City Royals
716687,2023-09-07T00:05:00Z,Houston Astros,Texas Rangers
716690,2023-09-07T01:38:00Z,Baltimore Orioles,Los Angeles Angels
716683,2023-09-07T22:40:00Z,Seattle Mariners,Tampa Bay Rays
716682,2023-09-07T22:40:00Z,Los Angeles Dodgers,Miami Marlins
716686,2023-09-07T23:05:00Z,Detroit Tigers,New York Yankees
716680,2023-09-07T23:20:00Z,St. Louis Cardinals,Atlanta Braves
716685,2023-09-07T23:40:00Z,Arizona Diamondbacks,Chicago Cubs
716684,2023-09-08T01:38:00Z,Cleveland Guardians,Los Angeles Angels
716678,2023-09-08T18:20:00Z,Arizona Diamondbacks,Chicago Cubs
716677,2023-09-08T22:40:00Z,St. Louis Cardinals,Cincinnati Reds
716671,2023-09-08T22:40:00Z,Seattle Mariners,Tampa Bay Rays
716675,2023-09-08T22:40:00Z,Chicago White Sox,Detroit Tigers
716676,2023-09-08T23:05:00Z,Los Angeles Dodgers,Washington Nationals
716679,2023-09-08T23:05:00Z,Miami Marlins,Philadelphia Phillies
716670,2023-09-08T23:05:00Z,Milwaukee Brewers,New York Yankees
716673,2023-09-08T23:07:00Z,Kansas City Royals,Toronto Blue Jays
716672,2023-09-08T23:10:00Z,Baltimore Orioles,Boston Red Sox
716674,2023-09-08T23:20:00Z,Pittsburgh Pirates,Atlanta Braves
716665,2023-09-09T00:05:00Z,Oakland Athletics,Texas Rangers
716669,2023-09-09T00:10:00Z,San Diego Padres,Houston Astros
716666,2023-09-09T00:10:00Z,New York Mets,Minnesota Twins
716667,2023-09-09T01:38:00Z,Cleveland Guardians,Los Angeles Angels
716668,2023-09-09T02:15:00Z,Colorado Rockies,San Francisco Giants
716659,2023-09-09T18:05:00Z,Milwaukee Brewers,New York Yankees
716654,2023-09-09T18:10:00Z,New York Mets,Minnesota Twins
716660,2023-09-09T18:20:00Z,Arizona Diamondbacks,Chicago Cubs
716661,2023-09-09T19:07:00Z,Kansas City Royals,Toronto Blue Jays
716662,2023-09-09T20:05:00Z,Los Angeles Dodgers,Washington Nationals
716656,2023-09-09T20:05:00Z,Seattle Mariners,Tampa Bay Rays
716664,2023-09-09T20:10:00Z,Baltimore Orioles,Boston Red Sox
716653,2023-09-09T22:05:00Z,Miami Marlins,Philadelphia Phillies
716658,2023-09-09T22:10:00Z,Chicago White Sox,Detroit Tigers
716655,2023-09-09T22:40:00Z,St. Louis Cardinals,Cincinnati Reds
716657,2023-09-09T23:05:00Z,Oakland Athletics,Texas Rangers
716649,2023-09-09T23:10:00Z,San Diego Padres,Houston Astros
716651,2023-09-09T23:20:00Z,Pittsburgh Pirates,Atlanta Braves
716663,2023-09-10T01:05:00Z,Colorado Rockies,San Francisco Giants
716650,2023-09-10T01:07:00Z,Cleveland Guardians,Los Angeles Angels
716643,2023-09-10T17:05:00Z,Miami Marlins,Philadelphia Phillies
716645,2023-09-10T17:10:00Z,Seattle Mariners,Tampa Bay Rays
716648,2023-09-10T17:10:00Z,Chicago White Sox,Detroit Tigers
716652,2023-09-10T17:35:00Z,Baltimore Orioles,Boston Red Sox
716647,2023-09-10T17:35:00Z,Los Angeles Dodgers,Washington Nationals
716644,2023-09-10T17:35:00Z,Pittsburgh Pirates,Atlanta Braves
716646,2023-09-10T17:35:00Z,Milwaukee Brewers,New York Yankees
716641,2023-09-10T17:37:00Z,Kansas City Royals,Toronto Blue Jays
716642,2023-09-10T17:40:00Z,St. Louis Cardinals,Cincinnati Reds
716640,2023-09-10T18:10:00Z,San Diego Padres,Houston Astros
716639,2023-09-10T18:10:00Z,New York Mets,Minnesota Twins
716638,2023-09-10T18:20:00Z,Arizona Diamondbacks,Chicago Cubs
716637,2023-09-10T18:35:00Z,Oakland Athletics,Texas Rangers
716634,2023-09-10T20:05:00Z,Colorado Rockies,San Francisco Giants
716633,2023-09-10T20:07:00Z,Cleveland Guardians,Los Angeles Angels
716635,2023-09-11T22:35:00Z,Washington Nationals,Pittsburgh Pirates
716636,2023-09-11T22:35:00Z,St. Louis Cardinals,Baltimore Orioles
716590,2023-09-11T22:40:00Z,Atlanta Braves,Philadelphia Phillies
716630,2023-09-11T23:07:00Z,Texas Rangers,Toronto Blue Jays
716627,2023-09-11T23:10:00Z,Arizona Diamondbacks,New York Mets
716628,2023-09-11T23:10:00Z,New York Yankees,Boston Red Sox
716629,2023-09-11T23:40:00Z,Tampa Bay Rays,Minnesota Twins
716631,2023-09-11T23:40:00Z,Kansas City Royals,Chicago White Sox
716626,2023-09-11T23:40:00Z,Miami Marlins,Milwaukee Brewers
716624,2023-09-12T00:10:00Z,Oakland Athletics,Houston Astros
716625,2023-09-12T00:40:00Z,Chicago Cubs,Colorado Rockies
716623,2023-09-12T01:40:00Z,Los Angeles Angels,Seattle Mariners
716632,2023-09-12T01:45:00Z,Cleveland Guardians,San Francisco Giants
716622,2023-09-12T02:10:00Z,San Diego Padres,Los Angeles Dodgers
716620,2023-09-12T22:35:00Z,Washington Nationals,Pittsburgh Pirates
716621,2023-09-12T22:35:00Z,St. Louis Cardinals,Baltimore Orioles
716617,2023-09-12T22:40:00Z,Cincinnati Reds,Detroit Tigers
716618,2023-09-12T22:40:00Z,Atlanta Braves,Philadelphia Phillies
716616,2023-09-12T23:07:00Z,Texas Rangers,Toronto Blue Jays
716615,2023-09-12T23:10:00Z,Arizona Diamondbacks,New York Mets
716612,2023-09-12T23:10:00Z,New York Yankees,Boston Red Sox
716613,2023-09-12T23:40:00Z,Tampa Bay Rays,Minnesota Twins
716611,2023-09-12T23:40:00Z,Kansas City Royals,Chicago White Sox
716610,2023-09-12T23:40:00Z,Miami Marlins,Milwaukee Brewers
716614,2023-09-13T00:10:00Z,Oakland Athletics,Houston Astros
716609,2023-09-13T00:40:00Z,Chicago Cubs,Colorado Rockies
716606,2023-09-13T01:40:00Z,Los Angeles Angels,Seattle Mariners
716619,2023-09-13T01:45:00Z,Cleveland Guardians,San Francisco Giants
716608,2023-09-13T02:10:00Z,San Diego Padres,Los Angeles Dodgers
716607,2023-09-13T17:10:00Z,Tampa Bay Rays,Minnesota Twins
716599,2023-09-13T19:10:00Z,Chicago Cubs,Colorado Rockies
716605,2023-09-13T19:45:00Z,Cleveland Guardians,San Francisco Giants
716602,2023-09-13T20:10:00Z,Los Angeles Angels,Seattle Mariners
716600,2023-09-13T22:35:00Z,Washington Nationals,Pittsburgh Pirates
716604,2023-09-13T22:35:00Z,St. Louis Cardinals,Baltimore Orioles
716601,2023-09-13T22:40:00Z,Cincinnati Reds,Detroit Tigers
716603,2023-09-13T22:40:00Z,Atlanta Braves,Philadelphia Phillies
716594,2023-09-13T23:07:00Z,Texas Rangers,Toronto Blue Jays
716595,2023-09-13T23:10:00Z,Arizona Diamondbacks,New York Mets
716596,2023-09-13T23:10:00Z,Oakland Athletics,Houston Astros
716597,2023-09-13T23:10:00Z,New York Yankees,Boston Red Sox
716598,2023-09-13T23:40:00Z,Kansas City Royals,Chicago White Sox
716592,2023-09-13T23:40:00Z,Miami Marlins,Milwaukee Brewers
716589,2023-09-14T02:10:00Z,San Diego Padres,Los Angeles Dodgers
716591,2023-09-14T16:35:00Z,Washington Nationals,Pittsburgh Pirates
716584,2023-09-14T17:10:00Z,Cincinnati Reds,Detroit Tigers
716585,2023-09-14T18:10:00Z,Miami Marlins,Milwaukee Brewers
716588,2023-09-14T20:10:00Z,Arizona Diamondbacks,New York Mets
716586,2023-09-14T22:35:00Z,Tampa Bay Rays,Baltimore Orioles
716587,2023-09-14T23:07:00Z,Texas Rangers,Toronto Blue Jays
716580,2023-09-14T23:10:00Z,Minnesota Twins,Chicago White Sox
716593,2023-09-14T23:15:00Z,New York Yankees,Boston Red Sox
716581,2023-09-15T00:40:00Z,San Francisco Giants,Colorado Rockies
716579,2023-09-15T22:35:00Z,New York Yankees,Pittsburgh Pirates
716582,2023-09-15T22:40:00Z,Atlanta Braves,Miami Marlins
716583,2023-09-15T23:05:00Z,Tampa Bay Rays,Baltimore Orioles
716576,2023-09-15T23:07:00Z,Boston Red Sox,Toronto Blue Jays
716574,2023-09-15T23:10:00Z,Cincinnati Reds,New York Mets
716575,2023-09-15T23:10:00Z,Texas Rangers,Cleveland Guardians
716573,2023-09-15T23:40:00Z,Minnesota Twins,Chicago White Sox
716577,2023-09-16T00:10:00Z,Houston Astros,Kansas City Royals
716578,2023-09-16T00:10:00Z,Washington Nationals,Milwaukee Brewers
716572,2023-09-16T00:15:00Z,Philadelphia Phillies,St. Louis Cardinals
716571,2023-09-16T00:40:00Z,San Francisco Giants,Colorado Rockies
716570,2023-09-16T01:38:00Z,Detroit Tigers,Los Angeles Angels
716567,2023-09-16T01:40:00Z,Chicago Cubs,Arizona Diamondbacks
716569,2023-09-16T01:40:00Z,San Diego Padres,Oakland Athletics
716568,2023-09-16T02:10:00Z,Los Angeles Dodgers,Seattle Mariners
716566,2023-09-16T19:07:00Z,Boston Red Sox,Toronto Blue Jays
716564,2023-09-16T20:07:00Z,San Diego Padres,Oakland Athletics
716565,2023-09-16T20:10:00Z,Atlanta Braves,Miami Marlins
716562,2023-09-16T22:10:00Z,Texas Rangers,Cleveland Guardians
716563,2023-09-16T22:35:00Z,New York Yankees,Pittsburgh Pirates
716561,2023-09-16T23:05:00Z,Tampa Bay Rays,Baltimore Orioles
716560,2023-09-16T23:10:00Z,Houston Astros,Kansas City Royals
716555,2023-09-16T23:10:00Z,Cincinnati Reds,New York Mets
716556,2023-09-16T23:10:00Z,Minnesota Twins,Chicago White Sox
716559,2023-09-16T23:10:00Z,Washington Nationals,Milwaukee Brewers
716557,2023-09-16T23:15:00Z,Philadelphia Phillies,St. Louis Cardinals
716558,2023-09-17T00:10:00Z,Chicago Cubs,Arizona Diamondbacks
716550,2023-09-17T00:10:00Z,San Francisco Giants,Colorado Rockies
716554,2023-09-17T01:07:00Z,Detroit Tigers,Los Angeles Angels
716552,2023-09-17T01:40:00Z,Los Angeles Dodgers,Seattle Mariners
716553,2023-09-17T17:35:00Z,Tampa Bay Rays,Baltimore Orioles
716551,2023-09-17T17:35:00Z,New York Yankees,Pittsburgh Pirates
716548,2023-09-17T17:37:00Z,Boston Red Sox,Toronto Blue Jays
716545,2023-09-17T17:40:00Z,Cincinnati Reds,New York Mets
716549,2023-09-17T17:40:00Z,Texas Rangers,Cleveland Guardians
716546,2023-09-17T17:40:00Z,Atlanta Braves,Miami Marlins
716547,2023-09-17T18:10:00Z,Houston Astros,Kansas City Royals
716542,2023-09-17T18:10:00Z,Minnesota Twins,Chicago White Sox
716543,2023-09-17T18:10:00Z,Washington Nationals,Milwaukee Brewers
716541,2023-09-17T18:15:00Z,Philadelphia Phillies,St. Louis Cardinals
716540,2023-09-17T19:10:00Z,San Francisco Giants,Colorado Rockies
716544,2023-09-17T20:07:00Z,Detroit Tigers,Los Angeles Angels
716538,2023-09-17T20:07:00Z,San Diego Padres,Oakland Athletics
716536,2023-09-17T20:10:00Z,Chicago Cubs,Arizona Diamondbacks
716537,2023-09-17T20:10:00Z,Los Angeles Dodgers,Seattle Mariners
716529,2023-09-18T18:10:00Z,Cleveland Guardians,Kansas City Royals
716534,2023-09-18T22:40:00Z,Minnesota Twins,Cincinnati Reds
716535,2023-09-18T22:40:00Z,New York Mets,Miami Marlins
716539,2023-09-18T23:05:00Z,Chicago White Sox,Washington Nationals
716532,2023-09-18T23:20:00Z,Philadelphia Phillies,Atlanta Braves
716531,2023-09-18T23:45:00Z,Milwaukee Brewers,St. Louis Cardinals
716533,2023-09-19T00:05:00Z,Boston Red Sox,Texas Rangers
716530,2023-09-19T00:10:00Z,Baltimore Orioles,Houston Astros
716526,2023-09-19T01:40:00Z,Colorado Rockies,San Diego Padres
716527,2023-09-19T01:40:00Z,Seattle Mariners,Oakland Athletics
716528,2023-09-19T02:10:00Z,Detroit Tigers,Los Angeles Dodgers
716524,2023-09-19T22:40:00Z,Los Angeles Angels,Tampa Bay Rays
716522,2023-09-19T22:40:00Z,Minnesota Twins,Cincinnati Reds
716523,2023-09-19T22:40:00Z,New York Mets,Miami Marlins
716525,2023-09-19T23:05:00Z,Chicago White Sox,Washington Nationals
716520,2023-09-19T23:05:00Z,Toronto Blue Jays,New York Yankees
716521,2023-09-19T23:20:00Z,Philadelphia Phillies,Atlanta Braves
716517,2023-09-19T23:40:00Z,Cleveland Guardians,Kansas City Royals
716518,2023-09-19T23:40:00Z,Pittsburgh Pirates,Chicago Cubs
716515,2023-09-19T23:45:00Z,Milwaukee Brewers,St. Louis Cardinals
716519,2023-09-20T00:05:00Z,Boston Red Sox,Texas Rangers
716514,2023-09-20T00:10:00Z,Baltimore Orioles,Houston Astros
716516,2023-09-20T01:40:00Z,Colorado Rockies,San Diego Padres
716512,2023-09-20T01:40:00Z,Seattle Mariners,Oakland Athletics
716511,2023-09-20T01:40:00Z,San Francisco Giants,Arizona Diamondbacks
716510,2023-09-20T02:10:00Z,Detroit Tigers,Los Angeles Dodgers
716509,2023-09-20T16:20:00Z,Philadelphia Phillies,Atlanta Braves
716506,2023-09-20T16:35:00Z,Minnesota Twins,Cincinnati Reds
716513,2023-09-20T17:05:00Z,Chicago White Sox,Washington Nationals
716507,2023-09-20T18:05:00Z,Boston Red Sox,Texas Rangers
716508,2023-09-20T18:10:00Z,Baltimore Orioles,Houston Astros
716505,2023-09-20T18:10:00Z,Cleveland Guardians,Kansas City Royals
716504,2023-09-20T19:37:00Z,Seattle Mariners,Oakland Athletics
716499,2023-09-20T19:40:00Z,San Francisco Giants,Arizona Diamondbacks
716500,2023-09-20T20:10:00Z,Colorado Rockies,San Diego Padres
716501,2023-09-20T22:40:00Z,Los Angeles Angels,Tampa Bay Rays
716503,2023-09-20T22:40:00Z,New York Mets,Miami Marlins
716502,2023-09-20T23:05:00Z,Toronto Blue Jays,New York Yankees
716497,2023-09-20T23:40:00Z,Pittsburgh Pirates,Chicago Cubs
716495,2023-09-20T23:45:00Z,Milwaukee Brewers,St. Louis Cardinals
716494,2023-09-21T02:10:00Z,Detroit Tigers,Los Angeles Dodgers
716498,2023-09-21T17:10:00Z,Los Angeles Angels,Tampa Bay Rays
716491,2023-09-21T17:15:00Z,Milwaukee Brewers,St. Louis Cardinals
716490,2023-09-21T23:05:00Z,New York Mets,Philadelphia Phillies
716496,2023-09-21T23:05:00Z,Atlanta Braves,Washington Nationals
716492,2023-09-21T23:05:00Z,Toronto Blue Jays,New York Yankees
716489,2023-09-21T23:10:00Z,Baltimore Orioles,Cleveland Guardians
716493,2023-09-21T23:40:00Z,Pittsburgh Pirates,Chicago Cubs
716488,2023-09-22T01:40:00Z,Detroit Tigers,Oakland Athletics
716484,2023-09-22T02:10:00Z,San Francisco Giants,Los Angeles Dodgers
716486,2023-09-22T18:20:00Z,Colorado Rockies,Chicago Cubs
716487,2023-09-22T22:40:00Z,Pittsburgh Pirates,Cincinnati Reds
716479,2023-09-22T22:40:00Z,Toronto Blue Jays,Tampa Bay Rays
716482,2023-09-22T22:40:00Z,Milwaukee Brewers,Miami Marlins
716481,2023-09-22T23:05:00Z,New York Mets,Philadelphia Phillies
716485,2023-09-22T23:05:00Z,Atlanta Braves,Washington Nationals
716480,2023-09-22T23:05:00Z,Arizona Diamondbacks,New York Yankees
716483,2023-09-22T23:10:00Z,Baltimore Orioles,Cleveland Guardians
716478,2023-09-22T23:10:00Z,Chicago White Sox,Boston Red Sox
716477,2023-09-23T00:05:00Z,Seattle Mariners,Texas Rangers
716473,2023-09-23T00:10:00Z,Kansas City Royals,Houston Astros
716475,2023-09-23T00:10:00Z,Los Angeles Angels,Minnesota Twins
716472,2023-09-23T01:40:00Z,Detroit Tigers,Oakland Athletics
716476,2023-09-23T01:40:00Z,St. Louis Cardinals,San Diego Padres
716474,2023-09-23T02:10:00Z,San Francisco Giants,Los Angeles Dodgers
716467,2023-09-23T17:05:00Z,Atlanta Braves,Washington Nationals
716471,2023-09-23T17:05:00Z,Arizona Diamondbacks,New York Yankees
716465,2023-09-23T18:10:00Z,Los Angeles Angels,Minnesota Twins
716469,2023-09-23T18:20:00Z,Colorado Rockies,Chicago Cubs
716466,2023-09-23T20:05:00Z,New York Mets,Philadelphia Phillies
716470,2023-09-23T20:07:00Z,Detroit Tigers,Oakland Athletics
716463,2023-09-23T20:10:00Z,Toronto Blue Jays,Tampa Bay Rays
716468,2023-09-23T20:10:00Z,Chicago White Sox,Boston Red Sox
716460,2023-09-23T20:10:00Z,Milwaukee Brewers,Miami Marlins
716464,2023-09-23T22:10:00Z,Baltimore Orioles,Cleveland Guardians
716462,2023-09-23T22:40:00Z,Pittsburgh Pirates,Cincinnati Reds
716461,2023-09-23T23:05:00Z,Seattle Mariners,Texas Rangers
716455,2023-09-23T23:10:00Z,Kansas City Royals,Houston Astros
716457,2023-09-24T00:40:00Z,St. Louis Cardinals,San Diego Padres
716456,2023-09-24T01:10:00Z,San Francisco Giants,Los Angeles Dodgers
716454,2023-09-24T17:05:00Z,New York Mets,Philadelphia Phillies
716452,2023-09-24T17:10:00Z,Toronto Blue Jays,Tampa Bay Rays
716459,2023-09-24T17:35:00Z,Atlanta Braves,Washington Nationals
716453,2023-09-24T17:35:00Z,Chicago White Sox,Boston Red Sox
716458,2023-09-24T17:35:00Z,Arizona Diamondbacks,New York Yankees
716450,2023-09-24T17:40:00Z,Baltimore Orioles,Cleveland Guardians
716451,2023-09-24T17:40:00Z,Pittsburgh Pirates,Cincinnati Reds
716447,2023-09-24T17:40:00Z,Milwaukee Brewers,Miami Marlins
716448,2023-09-24T18:10:00Z,Kansas City Royals,Houston Astros
716445,2023-09-24T18:10:00Z,Los Angeles Angels,Minnesota Twins
716449,2023-09-24T18:20:00Z,Colorado Rockies,Chicago Cubs
716446,2023-09-24T18:35:00Z,Seattle Mariners,Texas Rangers
716442,2023-09-24T20:07:00Z,Detroit Tigers,Oakland Athletics
716439,2023-09-24T20:10:00Z,San Francisco Giants,Los Angeles Dodgers
716444,2023-09-24T20:10:00Z,St. Louis Cardinals,San Diego Padres
716443,2023-09-25T23:40:00Z,Arizona Diamondbacks,Chicago White Sox
716440,2023-09-26T01:38:00Z,Texas Rangers,Los Angeles Angels
716436,2023-09-26T01:40:00Z,Houston Astros,Seattle Mariners
716441,2023-09-26T01:45:00Z,San Diego Padres,San Francisco Giants
716438,2023-09-26T19:10:00Z,Los Angeles Dodgers,Colorado Rockies
716424,2023-09-27T00:40:00Z,Los Angeles Dodgers,Colorado Rockies
716435,2023-09-26T22:10:00Z,Cincinnati Reds,Cleveland Guardians
716434,2023-09-26T22:35:00Z,Washington Nationals,Baltimore Orioles
716433,2023-09-26T22:40:00Z,Kansas City Royals,Detroit Tigers
716432,2023-09-26T22:40:00Z,Pittsburgh Pirates,Philadelphia Phillies
716431,2023-09-26T23:07:00Z,New York Yankees,Toronto Blue Jays
716428,2023-09-26T23:10:00Z,Tampa Bay Rays,Boston Red Sox
716430,2023-09-26T23:10:00Z,Miami Marlins,New York Mets
716429,2023-09-26T23:20:00Z,Chicago Cubs,Atlanta Braves
716421,2023-09-26T23:40:00Z,Oakland Athletics,Minnesota Twins
716427,2023-09-26T23:40:00Z,Arizona Diamondbacks,Chicago White Sox
716423,2023-09-26T23:40:00Z,St. Louis Cardinals,Milwaukee Brewers
716422,2023-09-27T01:38:00Z,Texas Rangers,Los Angeles Angels
716425,2023-09-27T01:40:00Z,Houston Astros,Seattle Mariners
716437,2023-09-27T01:45:00Z,San Diego Padres,San Francisco Giants
716417,2023-09-27T18:10:00Z,Arizona Diamondbacks,Chicago White Sox
716418,2023-09-27T22:10:00Z,Cincinnati Reds,Cleveland Guardians
716419,2023-09-27T22:10:00Z,Tampa Bay Rays,Boston Red Sox
716416,2023-09-27T22:35:00Z,Washington Nationals,Baltimore Orioles
716414,2023-09-27T22:40:00Z,Kansas City Royals,Detroit Tigers
716415,2023-09-27T22:40:00Z,Pittsburgh Pirates,Philadelphia Phillies
716413,2023-09-27T23:07:00Z,New York Yankees,Toronto Blue Jays
716411,2023-09-27T23:10:00Z,Miami Marlins,New York Mets
716412,2023-09-27T23:20:00Z,Chicago Cubs,Atlanta Braves
716410,2023-09-27T23:40:00Z,Oakland Athletics,Minnesota Twins
716408,2023-09-27T23:40:00Z,St. Louis Cardinals,Milwaukee Brewers
716406,2023-09-28T00:40:00Z,Los Angeles Dodgers,Colorado Rockies
716420,2023-09-28T01:38:00Z,Texas Rangers,Los Angeles Angels
716407,2023-09-28T01:40:00Z,Houston Astros,Seattle Mariners
716426,2023-09-28T01:45:00Z,San Diego Padres,San Francisco Giants
716401,2023-09-28T17:10:00Z,Kansas City Royals,Detroit Tigers
716400,2023-09-28T17:10:00Z,Oakland Athletics,Minnesota Twins
716409,2023-09-28T22:05:00Z,Pittsburgh Pirates,Philadelphia Phillies
716402,2023-09-28T22:35:00Z,Boston Red Sox,Baltimore Orioles
716403,2023-09-28T23:07:00Z,New York Yankees,Toronto Blue Jays
716404,2023-09-28T23:10:00Z,Miami Marlins,New York Mets
716399,2023-09-28T23:20:00Z,Chicago Cubs,Atlanta Braves
716396,2023-09-28T23:40:00Z,St. Louis Cardinals,Milwaukee Brewers
716405,2023-09-29T00:40:00Z,Los Angeles Dodgers,Colorado Rockies
716397,2023-09-29T01:40:00Z,Texas Rangers,Seattle Mariners
716398,2023-09-29T22:35:00Z,Miami Marlins,Pittsburgh Pirates
716395,2023-09-29T22:40:00Z,Cleveland Guardians,Detroit Tigers
716390,2023-09-29T23:05:00Z,Boston Red Sox,Baltimore Orioles
716392,2023-09-29T23:07:00Z,Tampa Bay Rays,Toronto Blue Jays
716393,2023-09-29T23:10:00Z,Philadelphia Phillies,New York Mets
716394,2023-09-29T23:20:00Z,Washington Nationals,Atlanta Braves
716391,2023-09-29T23:40:00Z,San Diego Padres,Chicago White Sox
716387,2023-09-30T00:10:00Z,Minnesota Twins,Colorado Rockies
716389,2023-09-30T00:10:00Z,New York Yankees,Kansas City Royals
716385,2023-09-30T00:10:00Z,Chicago Cubs,Milwaukee Brewers
716388,2023-09-30T00:15:00Z,Cincinnati Reds,St. Louis Cardinals
716386,2023-09-30T01:38:00Z,Oakland Athletics,Los Angeles Angels
716384,2023-09-30T01:40:00Z,Houston Astros,Arizona Diamondbacks
716379,2023-09-30T02:10:00Z,Texas Rangers,Seattle Mariners
716382,2023-09-30T02:15:00Z,Los Angeles Dodgers,San Francisco Giants
716380,2023-09-30T17:10:00Z,Cleveland Guardians,Detroit Tigers
716383,2023-09-30T19:07:00Z,Tampa Bay Rays,Toronto Blue Jays
716378,2023-09-30T22:35:00Z,Miami Marlins,Pittsburgh Pirates
716377,2023-09-30T23:05:00Z,Boston Red Sox,Baltimore Orioles
716376,2023-09-30T23:10:00Z,Philadelphia Phillies,New York Mets
716374,2023-09-30T23:10:00Z,San Diego Padres,Chicago White Sox
716375,2023-09-30T23:10:00Z,New York Yankees,Kansas City Royals
716373,2023-09-30T23:10:00Z,Chicago Cubs,Milwaukee Brewers
716372,2023-09-30T23:15:00Z,Cincinnati Reds,St. Louis Cardinals
716369,2023-09-30T23:20:00Z,Washington Nationals,Atlanta Braves
716370,2023-10-01T00:10:00Z,Houston Astros,Arizona Diamondbacks
716368,2023-10-01T00:10:00Z,Minnesota Twins,Colorado Rockies
716381,2023-10-01T01:05:00Z,Los Angeles Dodgers,San Francisco Giants
716371,2023-10-01T01:07:00Z,Oakland Athletics,Los Angeles Angels
716366,2023-10-01T01:40:00Z,Texas Rangers,Seattle Mariners
716367,2023-10-01T19:05:00Z,Boston Red Sox,Baltimore Orioles
716363,2023-10-01T19:05:00Z,Los Angeles Dodgers,San Francisco Giants
716354,2023-10-01T19:05:00Z,Washington Nationals,Atlanta Braves
716362,2023-10-01T19:05:00Z,Miami Marlins,Pittsburgh Pirates
716365,2023-10-01T19:07:00Z,Oakland Athletics,Los Angeles Angels
716357,2023-10-01T19:07:00Z,Tampa Bay Rays,Toronto Blue Jays
716361,2023-10-01T19:10:00Z,Cleveland Guardians,Detroit Tigers
716358,2023-10-01T19:10:00Z,Houston Astros,Arizona Diamondbacks
716360,2023-10-01T19:10:00Z,Texas Rangers,Seattle Mariners
716359,2023-10-01T19:10:00Z,Minnesota Twins,Colorado Rockies
716355,2023-10-01T19:10:00Z,Philadelphia Phillies,New York Mets
716356,2023-10-01T19:10:00Z,San Diego Padres,Chicago White Sox
716352,2023-10-01T19:10:00Z,New York Yankees,Kansas City Royals
716364,2023-10-01T19:10:00Z,Chicago Cubs,Milwaukee Brewers
716353,2023-10-01T19:15:00Z,Cincinnati Reds,St. Louis Cardinals
